candidate_id,environment_seed,outcome,success,soldier_caught,unsafe_intercept,timeout,total_steps,detection_step,detection_time_seconds,post_detection_steps,intercept_step,intercept_time_seconds,min_enemy_soldier_dist,physical_limit_violations,mean_tracking_error,final_tracking_error,tracking_rmse,n_tracking_samples
LEAD,71000,intercepted,1,0,0,0,83,14,7.0,69,83.0,41.5,12.14304256439209,0,1.2254805266857147,0.6005399823188782,1.3202083713793609,70
LEAD,71001,intercepted,1,0,0,0,157,12,6.0,145,157.0,78.5,6.226907730102539,0,1.1085454078569805,1.1999441385269165,1.2014211323872017,146
LEAD,71002,intercepted,1,0,0,0,126,14,7.0,112,126.0,63.0,2.9252138137817383,0,1.1462345764172817,1.5348387956619263,1.2042412043868782,113
LEAD,71003,intercepted,1,0,0,0,91,31,15.5,60,91.0,45.5,10.28707504272461,0,1.1277164855941397,0.959577739238739,1.1982759820272808,61
LEAD,71004,intercepted,1,0,0,0,198,9,4.5,189,198.0,99.0,7.3984856605529785,0,1.144009981029912,1.0961592197418213,1.2364006946956467,190
LEAD,71005,intercepted,1,0,0,0,301,9,4.5,292,301.0,150.5,4.589243412017822,0,1.1410801151811873,0.43912792205810547,1.2334137728092571,293
LEAD,71006,intercepted,1,0,0,0,91,17,8.5,74,91.0,45.5,7.4551897048950195,0,1.155428607861201,1.256908893585205,1.2379692260168935,75
LEAD,71007,soldier_caught,0,1,0,0,34,9,4.5,25,,,0.8340386748313904,0,1.2195596534472246,2.107268810272217,1.2786669081034834,26
LEAD,71008,intercepted,1,0,0,0,257,12,6.0,245,257.0,128.5,4.5512895584106445,0,1.1391445882315558,1.2493178844451904,1.230473820260597,246
LEAD,71009,intercepted,1,0,0,0,83,9,4.5,74,83.0,41.5,2.3500325679779053,0,1.176171782016754,0.3965408504009247,1.2633860197377833,75
LEAD,71010,intercepted,1,0,0,0,70,25,12.5,45,70.0,35.0,11.680030822753906,0,1.123746720345124,1.049013376235962,1.2232230616927524,46
LEAD,71011,intercepted,1,0,0,0,107,9,4.5,98,107.0,53.5,9.22085952758789,0,1.0593697175835117,1.08647882938385,1.1541753480230947,99
LEAD,71012,intercepted,1,0,0,0,78,12,6.0,66,78.0,39.0,8.372212409973145,0,1.0408048482973185,1.7992100715637207,1.1259169457980074,67
LEAD,71013,intercepted,1,0,0,0,228,8,4.0,220,228.0,114.0,4.906291484832764,0,1.0593637354773093,0.9499543905258179,1.1434014153951693,221
LEAD,71014,intercepted,1,0,0,0,124,7,3.5,117,124.0,62.0,2.5401594638824463,0,1.1862386603981763,1.2395576238632202,1.2764802669711843,118
LEAD,71015,soldier_caught,0,1,0,0,63,11,5.5,52,,,1.5531668663024902,0,1.167604146138677,0.7801517248153687,1.2555495005246589,53
LEAD,71016,intercepted,1,0,0,0,178,16,8.0,162,178.0,89.0,6.527612686157227,0,1.0885417963280999,1.455870509147644,1.1835596585155204,163
LEAD,71017,intercepted,1,0,0,0,166,12,6.0,154,166.0,83.0,4.058107852935791,0,1.1215446763461636,2.020247220993042,1.2211358295538113,155
LEAD,71018,intercepted,1,0,0,0,331,10,5.0,321,331.0,165.5,4.237974643707275,0,1.1855703797307073,1.4638783931732178,1.280478178875154,322
LEAD,71019,intercepted,1,0,0,0,36,10,5.0,26,36.0,18.0,6.370477199554443,0,1.2588966897240392,1.9208961725234985,1.3934403614470234,27
LEAD,71020,intercepted,1,0,0,0,266,10,5.0,256,266.0,133.0,3.2009572982788086,0,1.1160505531710874,0.4390851855278015,1.2178690905806309,257
LEAD,71021,intercepted,1,0,0,0,307,11,5.5,296,307.0,153.5,5.7886457443237305,0,1.1316935817149754,0.6161215901374817,1.2372182030112948,297
LEAD,71022,intercepted,1,0,0,0,39,9,4.5,30,39.0,19.5,3.727851629257202,0,1.1090926499136033,1.266778826713562,1.2127807131588135,31
LEAD,71023,intercepted,1,0,0,0,22,9,4.5,13,22.0,11.0,6.003869533538818,0,1.2824202009609766,1.469235897064209,1.3708569763128928,14
LEAD,71024,intercepted,1,0,0,0,133,82,41.0,51,133.0,66.5,5.201374530792236,0,1.106285137625841,0.6638436913490295,1.2565875545266403,52
LEAD,71025,intercepted,1,0,0,0,58,33,16.5,25,58.0,29.0,11.95322322845459,0,1.0937511347807372,1.340180516242981,1.1361244818246556,26
LEAD,71026,intercepted,1,0,0,0,252,19,9.5,233,252.0,126.0,4.21685266494751,0,1.0731251544167852,0.5535178184509277,1.170651799012606,234
LEAD,71027,intercepted,1,0,0,0,466,30,15.0,436,466.0,233.0,5.833018779754639,0,1.128173353026879,1.3251391649246216,1.2204271882435391,437
LEAD,71028,soldier_caught,0,1,0,0,174,10,5.0,164,,,1.6646747589111328,0,1.1507756943955565,2.390381336212158,1.252074878883579,165
LEAD,71029,intercepted,1,0,0,0,81,26,13.0,55,81.0,40.5,10.577280044555664,0,1.080258771910199,1.164584994316101,1.189165422189246,56
LEAD,71030,intercepted,1,0,0,0,113,14,7.0,99,113.0,56.5,6.68461799621582,0,1.1502431136369706,0.8735665082931519,1.2702737207570625,100
LEAD,71031,soldier_caught,0,1,0,0,90,18,9.0,72,,,1.5573480129241943,0,1.115898976383144,1.0845781564712524,1.240279186404414,73
LEAD,71032,intercepted,1,0,0,0,141,12,6.0,129,141.0,70.5,2.7697887420654297,0,1.1086198294391998,0.9593390822410583,1.209663417281713,130
LEAD,71033,intercepted,1,0,0,0,74,8,4.0,66,74.0,37.0,5.494909763336182,0,1.158565895993318,1.6173696517944336,1.261314436111665,67
LEAD,71034,intercepted,1,0,0,0,241,34,17.0,207,241.0,120.5,2.939906120300293,0,1.1296259908435435,0.702872633934021,1.2188729828147546,208
LEAD,71035,intercepted,1,0,0,0,214,12,6.0,202,214.0,107.0,10.818902969360352,0,1.1480799356264433,1.1440502405166626,1.2383861169482187,203
LEAD,71036,soldier_caught,0,1,0,0,173,9,4.5,164,,,1.9714223146438599,0,1.0685053034713774,0.46705731749534607,1.1727587853416814,165
LEAD,71037,intercepted,1,0,0,0,22,15,7.5,7,22.0,11.0,13.561565399169922,0,1.2675457000732422,0.8975927829742432,1.3828671909620098,8
LEAD,71038,intercepted,1,0,0,0,257,12,6.0,245,257.0,128.5,10.167027473449707,0,1.1130138513881986,1.6280872821807861,1.2073110051785838,246
LEAD,71039,intercepted,1,0,0,0,75,11,5.5,64,75.0,37.5,2.0846078395843506,0,1.0564035768119189,0.9830250144004822,1.14068858914107,65
LEAD,71040,soldier_caught,0,1,0,0,148,11,5.5,137,,,1.2877719402313232,0,1.1698042491207952,2.785569906234741,1.2636546166532592,138
LEAD,71041,soldier_caught,0,1,0,0,137,12,6.0,125,,,1.3921871185302734,0,1.081049379227417,0.749725341796875,1.1725408731899394,126
LEAD,71042,intercepted,1,0,0,0,67,13,6.5,54,67.0,33.5,2.5927908420562744,0,1.092736487767913,0.12319530546665192,1.2010093224036509,55
LEAD,71043,intercepted,1,0,0,0,103,8,4.0,95,103.0,51.5,3.8685874938964844,0,1.0947787861029308,1.2609294652938843,1.1686057589619199,96
LEAD,71044,intercepted,1,0,0,0,49,9,4.5,40,49.0,24.5,2.8261048793792725,0,1.1244350453702414,1.346823811531067,1.204572777426189,41
LEAD,71045,intercepted,1,0,0,0,215,8,4.0,207,215.0,107.5,6.421992778778076,0,1.1498185152975986,1.348100185394287,1.2460336494261048,208
LEAD,71046,intercepted,1,0,0,0,354,46,23.0,308,354.0,177.0,7.5802717208862305,0,1.1644685486373778,1.0171695947647095,1.2638493726845528,309
LEAD,71047,intercepted,1,0,0,0,473,16,8.0,457,473.0,236.5,10.361061096191406,0,1.1234846946226198,2.2345097064971924,1.224380820368326,458
LEAD,71048,intercepted,1,0,0,0,161,10,5.0,151,161.0,80.5,4.010706424713135,0,1.098937298514341,0.6132389307022095,1.1905394225327448,152
LEAD,71049,intercepted,1,0,0,0,23,8,4.0,15,23.0,11.5,12.275178909301758,0,1.0694816038012505,2.2825686931610107,1.1590586222798451,16
LEAD,71050,intercepted,1,0,0,0,309,44,22.0,265,309.0,154.5,5.1833415031433105,0,1.1563273271111618,1.4777723550796509,1.2557192868566665,266
LEAD,71051,intercepted,1,0,0,0,172,9,4.5,163,172.0,86.0,5.145932197570801,0,1.063920644316368,0.896405041217804,1.1537808129176876,164
LEAD,71052,intercepted,1,0,0,0,86,15,7.5,71,86.0,43.0,4.964400768280029,0,1.1327484583275185,2.006103754043579,1.223863407966664,72
LEAD,71053,intercepted,1,0,0,0,131,10,5.0,121,131.0,65.5,2.822026252746582,0,1.067537035426644,1.2692939043045044,1.1708758775625046,122
LEAD,71054,intercepted,1,0,0,0,55,10,5.0,45,55.0,27.5,2.422940254211426,0,1.20465584811957,0.8999298810958862,1.303364553373767,46
LEAD,71055,soldier_caught,0,1,0,0,34,7,3.5,27,,,1.6071643829345703,0,1.195890259529863,0.7806612849235535,1.2774157929099492,28
LEAD,71056,intercepted,1,0,0,0,212,20,10.0,192,212.0,106.0,9.842473030090332,0,1.12410341071959,0.6650270223617554,1.2096339691027607,193
LEAD,71057,intercepted,1,0,0,0,382,13,6.5,369,382.0,191.0,2.7743210792541504,0,1.079231295966216,0.8657779097557068,1.1677620923134182,370
LEAD,71058,intercepted,1,0,0,0,196,14,7.0,182,196.0,98.0,7.586437702178955,0,1.158413740292273,0.5556352734565735,1.262515698379584,183
LEAD,71059,intercepted,1,0,0,0,88,14,7.0,74,88.0,44.0,11.314329147338867,0,1.1364727846781413,1.3583341836929321,1.2563326761061862,75
LEAD,71060,intercepted,1,0,0,0,181,11,5.5,170,181.0,90.5,5.3947906494140625,0,1.1461507678903333,1.4721230268478394,1.2355916799656779,171
LEAD,71061,intercepted,1,0,0,0,149,8,4.0,141,149.0,74.5,2.32800030708313,0,1.1275646974083404,0.3171897530555725,1.238192493153715,142
LEAD,71062,intercepted,1,0,0,0,538,9,4.5,529,538.0,269.0,5.796367168426514,0,1.1313451379678159,2.2367916107177734,1.2332988727425802,530
LEAD,71063,intercepted,1,0,0,0,10,8,4.0,2,10.0,5.0,4.401772975921631,0,1.1001604596773784,1.2836285829544067,1.1694051348451784,3
LEAD,71064,intercepted,1,0,0,0,38,14,7.0,24,38.0,19.0,5.742941856384277,0,1.3276504373550415,0.8996255993843079,1.488635521529784,25
LEAD,71065,intercepted,1,0,0,0,354,8,4.0,346,354.0,177.0,2.3653810024261475,0,1.182931023475416,1.1542645692825317,1.2871688440070124,347
LEAD,71066,intercepted,1,0,0,0,35,11,5.5,24,35.0,17.5,6.091333866119385,0,1.2848307299613952,2.606283187866211,1.3991443854427856,25
LEAD,71067,intercepted,1,0,0,0,388,9,4.5,379,388.0,194.0,6.034185409545898,0,1.135433238058498,0.6495140194892883,1.2358866593596218,380
LEAD,71068,intercepted,1,0,0,0,1063,45,22.5,1018,1063.0,531.5,2.40501070022583,0,1.1126751039136966,1.7969990968704224,1.2097022723368909,1019
LEAD,71069,intercepted,1,0,0,0,60,11,5.5,49,60.0,30.0,5.134493827819824,0,1.0489216682314872,0.7277016043663025,1.135474086973421,50
LEAD,71070,intercepted,1,0,0,0,74,21,10.5,53,74.0,37.0,7.133957862854004,0,1.2282561345232859,1.6260325908660889,1.3168375432558186,54
LEAD,71071,soldier_caught,0,1,0,0,12,10,5.0,2,,,1.927833914756775,0,1.0512883464495342,0.950163722038269,1.0870619161978305,3
LEAD,71072,intercepted,1,0,0,0,599,14,7.0,585,599.0,299.5,3.1847877502441406,0,1.1155162064466664,1.6077064275741577,1.2110521846454285,586
LEAD,71073,intercepted,1,0,0,0,37,14,7.0,23,37.0,18.5,2.2428805828094482,0,0.9412044050792853,1.0043541193008423,1.0287877157914715,24
LEAD,71074,intercepted,1,0,0,0,55,21,10.5,34,55.0,27.5,10.787568092346191,0,1.2804833028997693,0.8277209997177124,1.3579956619657914,35
LEAD,71075,intercepted,1,0,0,0,108,9,4.5,99,108.0,54.0,4.338028907775879,0,1.1469294893741608,0.9900355935096741,1.2410748853039164,100
LEAD,71076,intercepted,1,0,0,0,873,9,4.5,864,873.0,436.5,6.477275848388672,0,1.1188562371138204,1.4766958951950073,1.2140203148787672,865
LEAD,71077,intercepted,1,0,0,0,125,8,4.0,117,125.0,62.5,9.149459838867188,0,1.124465062456616,1.2495217323303223,1.2205493147562645,118
LEAD,71078,intercepted,1,0,0,0,636,9,4.5,627,636.0,318.0,4.641651153564453,0,1.11358636431396,1.1679478883743286,1.2107454753553133,628
LEAD,71079,intercepted,1,0,0,0,41,15,7.5,26,41.0,20.5,6.540160179138184,0,1.2444904932269343,1.1006319522857666,1.3257516848220892,27
LEAD,71080,intercepted,1,0,0,0,890,12,6.0,878,890.0,445.0,6.972906589508057,0,1.1513797663940504,1.287137508392334,1.2523283359489443,879
LEAD,71081,intercepted,1,0,0,0,86,10,5.0,76,86.0,43.0,10.548177719116211,0,1.0946319393523327,0.9183539152145386,1.2045426292590915,77
LEAD,71082,intercepted,1,0,0,0,82,35,17.5,47,82.0,41.0,6.9381561279296875,0,1.0415128733341892,0.7403100728988647,1.1287944670594623,48
LEAD,71083,intercepted,1,0,0,0,97,14,7.0,83,97.0,48.5,2.0331509113311768,0,1.1513920408629237,1.2424371242523193,1.2392167926869595,84
LEAD,71084,intercepted,1,0,0,0,559,14,7.0,545,559.0,279.5,7.683784008026123,0,1.1346384456360734,0.6056978702545166,1.2350823533044066,546
LEAD,71085,intercepted,1,0,0,0,150,9,4.5,141,150.0,75.0,9.388675689697266,0,1.1447916966403875,2.077439546585083,1.2341559590714843,142
LEAD,71086,soldier_caught,0,1,0,0,65,33,16.5,32,,,1.8209612369537354,0,1.144266940427549,0.2912670075893402,1.2413278533807977,33
LEAD,71087,intercepted,1,0,0,0,65,9,4.5,56,65.0,32.5,4.07716178894043,0,1.209313095138784,1.206067681312561,1.289113156345269,57
LEAD,71088,intercepted,1,0,0,0,44,37,18.5,7,44.0,22.0,13.19981861114502,0,0.8998631164431572,0.4324828088283539,0.9946510425675504,8
LEAD,71089,intercepted,1,0,0,0,41,12,6.0,29,41.0,20.5,9.801469802856445,0,1.0387094448010126,0.46847841143608093,1.101146208553362,30
LEAD,71090,intercepted,1,0,0,0,143,14,7.0,129,143.0,71.5,3.2500460147857666,0,1.092410564995729,0.8140829801559448,1.1794014980655707,130
LEAD,71091,intercepted,1,0,0,0,485,7,3.5,478,485.0,242.5,3.9701614379882812,0,1.1142393685644005,1.2035431861877441,1.205773442178167,479
LEAD,71092,intercepted,1,0,0,0,141,9,4.5,132,141.0,70.5,7.113933563232422,0,1.1420795913029433,1.7335522174835205,1.253755587725557,133
LEAD,71093,intercepted,1,0,0,0,12,10,5.0,2,12.0,6.0,4.78987979888916,0,0.8993695676326752,0.25470036268234253,1.1921385821240322,3
LEAD,71094,intercepted,1,0,0,0,112,11,5.5,101,112.0,56.0,10.102907180786133,0,1.098845164565479,0.5759584903717041,1.1860651669088569,102
LEAD,71095,soldier_caught,0,1,0,0,334,61,30.5,273,,,1.9200072288513184,0,1.116434017617772,0.929851770401001,1.2212837517164905,274
LEAD,71096,soldier_caught,0,1,0,0,447,10,5.0,437,,,1.0505390167236328,0,1.1281544037809654,0.9246429800987244,1.2192462799788695,438
LEAD,71097,intercepted,1,0,0,0,249,125,62.5,124,249.0,124.5,2.225931167602539,0,1.1654494528770447,0.3455508351325989,1.2753024325335653,125
LEAD,71098,intercepted,1,0,0,0,26,12,6.0,14,26.0,13.0,8.501431465148926,0,1.2455622196197509,1.0763999223709106,1.3667297595619428,15
LEAD,71099,soldier_caught,0,1,0,0,104,10,5.0,94,,,0.6350833773612976,0,1.1119453006669096,0.9367557764053345,1.1994398849284644,95
LEAD,71100,intercepted,1,0,0,0,95,11,5.5,84,95.0,47.5,3.091630458831787,0,1.1785380556302911,0.8273364901542664,1.2884998212393213,85
LEAD,71101,intercepted,1,0,0,0,324,13,6.5,311,324.0,162.0,4.7665886878967285,0,1.161951085074972,0.7234525680541992,1.265325373539572,312
LEAD,71102,intercepted,1,0,0,0,208,15,7.5,193,208.0,104.0,11.021315574645996,0,1.0387899628312318,0.49195533990859985,1.1180932939258652,194
LEAD,71103,intercepted,1,0,0,0,36,8,4.0,28,36.0,18.0,4.363198280334473,0,1.1104223789839909,1.2221851348876953,1.1682790116282775,29
LEAD,71104,intercepted,1,0,0,0,94,25,12.5,69,94.0,47.0,6.746218204498291,0,1.0265393010207584,1.022912859916687,1.1239933047182478,70
LEAD,71105,intercepted,1,0,0,0,245,30,15.0,215,245.0,122.5,6.427123546600342,0,1.0733266274134319,1.5269451141357422,1.1683843987445004,216
LEAD,71106,soldier_caught,0,1,0,0,78,9,4.5,69,,,1.9507540464401245,0,1.1475325963326863,2.216925621032715,1.2507386748540439,70
LEAD,71107,intercepted,1,0,0,0,36,9,4.5,27,36.0,18.0,8.216812133789062,0,1.1945399982588631,0.8187270760536194,1.2659675946896916,28
LEAD,71108,intercepted,1,0,0,0,178,13,6.5,165,178.0,89.0,10.547996520996094,0,1.1528100847120744,1.1947259902954102,1.2521958226264263,166
LEAD,71109,intercepted,1,0,0,0,465,10,5.0,455,465.0,232.5,9.785411834716797,0,1.1706371861918454,0.6793338656425476,1.2633243701675307,456
LEAD,71110,intercepted,1,0,0,0,352,13,6.5,339,352.0,176.0,2.0935065746307373,0,1.1225800464258475,0.3964661955833435,1.2305770848560105,340
LEAD,71111,intercepted,1,0,0,0,24,9,4.5,15,24.0,12.0,8.789027214050293,0,0.9650155454874039,0.5312252640724182,1.0396824990992202,16
LEAD,71112,intercepted,1,0,0,0,91,12,6.0,79,91.0,45.5,5.8072099685668945,0,1.1137807620689273,0.379099577665329,1.2350119095987941,80
LEAD,71113,intercepted,1,0,0,0,314,10,5.0,304,314.0,157.0,12.090767860412598,0,1.1276405417528308,1.399753451347351,1.215859652845686,305
LEAD,71114,intercepted,1,0,0,0,35,13,6.5,22,35.0,17.5,4.35145902633667,0,0.9754304607277331,1.3989455699920654,1.0458232757632206,23
LEAD,71115,soldier_caught,0,1,0,0,35,9,4.5,26,,,1.9707443714141846,0,1.2689067666177396,0.8565085530281067,1.423830418843789,27
LEAD,71116,soldier_caught,0,1,0,0,277,128,64.0,149,,,1.7020773887634277,0,1.1174126293261846,0.6045464277267456,1.200887083070906,150
LEAD,71117,soldier_caught,0,1,0,0,443,9,4.5,434,,,0.93301922082901,0,1.1526265148972643,1.8352036476135254,1.25484599213334,435
LEAD,71118,intercepted,1,0,0,0,311,12,6.0,299,311.0,155.5,7.271077632904053,0,1.1204205804566543,0.7346205711364746,1.2099109590893855,300
LEAD,71119,intercepted,1,0,0,0,71,21,10.5,50,71.0,35.5,5.32771110534668,0,1.1651302920837028,1.7325361967086792,1.2405612245465734,51
LEAD,71120,intercepted,1,0,0,0,208,11,5.5,197,208.0,104.0,3.4495491981506348,0,1.1901035005170288,1.4704879522323608,1.3013862355429249,198
LEAD,71121,intercepted,1,0,0,0,66,9,4.5,57,66.0,33.0,6.5952839851379395,0,1.1034586483548428,1.3755862712860107,1.2009384532058909,58
LEAD,71122,intercepted,1,0,0,0,446,33,16.5,413,446.0,223.0,3.1628856658935547,0,1.108269924018982,1.0393887758255005,1.1993426734795336,414
LEAD,71123,intercepted,1,0,0,0,39,15,7.5,24,39.0,19.5,7.0574798583984375,0,1.0999484860897064,1.1149303913116455,1.1738096923990424,25
LEAD,71124,intercepted,1,0,0,0,86,11,5.5,75,86.0,43.0,9.068886756896973,0,1.1249046096284139,0.6288695931434631,1.2162493755862298,76
LEAD,71125,intercepted,1,0,0,0,40,10,5.0,30,40.0,20.0,6.820638656616211,0,1.3126421996182012,0.10548890382051468,1.4682863627439773,31
LEAD,71126,intercepted,1,0,0,0,366,7,3.5,359,366.0,183.0,3.529517412185669,0,1.1443004571315316,1.264504313468933,1.2286041029800328,360
LEAD,71127,soldier_caught,0,1,0,0,169,69,34.5,100,,,1.9252490997314453,0,1.079245794232529,0.9923213720321655,1.1897424352596615,101
LEAD,71128,soldier_caught,0,1,0,0,35,10,5.0,25,,,1.6110670566558838,0,1.1615398130737817,1.0254074335098267,1.2863564839723973,26
LEAD,71129,intercepted,1,0,0,0,25,10,5.0,15,25.0,12.5,11.273652076721191,0,1.151848316192627,0.8856939673423767,1.2493401824549146,16
LEAD,71130,intercepted,1,0,0,0,73,50,25.0,23,73.0,36.5,11.429132461547852,0,1.2211294968922932,1.9711114168167114,1.2927247049045183,24
LEAD,71131,intercepted,1,0,0,0,31,7,3.5,24,31.0,15.5,4.854379653930664,0,1.2099661684036256,1.8429596424102783,1.3122743129405958,25
LEAD,71132,intercepted,1,0,0,0,97,11,5.5,86,97.0,48.5,5.337892055511475,0,1.1192463859059345,1.1260014772415161,1.197563083570053,87
LEAD,71133,intercepted,1,0,0,0,245,10,5.0,235,245.0,122.5,3.8637337684631348,0,1.1347047420123877,0.9121111631393433,1.2326421954269264,236
LEAD,71134,intercepted,1,0,0,0,59,13,6.5,46,59.0,29.5,13.206989288330078,0,1.2336291277662237,1.9675153493881226,1.3291177741295648,47
LEAD,71135,intercepted,1,0,0,0,93,17,8.5,76,93.0,46.5,9.174094200134277,0,1.116920852428907,1.063307285308838,1.2194911479851895,77
LEAD,71136,intercepted,1,0,0,0,232,11,5.5,221,232.0,116.0,2.7652907371520996,0,1.138605022148506,1.5028027296066284,1.2434986897323868,222
LEAD,71137,unsafe_intercept,0,0,1,0,36,9,4.5,27,,,2.2977962493896484,0,1.1779148392379284,0.4968511760234833,1.260641449770143,28
LEAD,71138,intercepted,1,0,0,0,233,8,4.0,225,233.0,116.5,2.424459934234619,0,1.1324830210512191,0.8664575815200806,1.2321614461378587,226
LEAD,71139,intercepted,1,0,0,0,263,14,7.0,249,263.0,131.5,5.799036502838135,0,1.1747355203032495,1.0910792350769043,1.2643414708621326,250
LEAD,71140,intercepted,1,0,0,0,265,14,7.0,251,265.0,132.5,3.482120990753174,0,1.0759963716661174,0.8947627544403076,1.1641685109441862,252
LEAD,71141,intercepted,1,0,0,0,428,22,11.0,406,428.0,214.0,7.127372741699219,0,1.169703344821344,1.0110059976577759,1.2609732147559916,407
LEAD,71142,intercepted,1,0,0,0,174,10,5.0,164,174.0,87.0,4.120490550994873,0,1.1935087767514316,0.5741470456123352,1.2909029853066671,165
LEAD,71143,intercepted,1,0,0,0,207,68,34.0,139,207.0,103.5,2.913098096847534,0,1.196811089451824,1.3871405124664307,1.294680198255021,140
LEAD,71144,intercepted,1,0,0,0,145,53,26.5,92,145.0,72.5,11.999075889587402,0,1.1007662130299436,1.1736215353012085,1.1833212108153355,93
LEAD,71145,soldier_caught,0,1,0,0,31,7,3.5,24,,,1.703646183013916,0,1.1258475160598755,1.2809842824935913,1.1880758354798082,25
LEAD,71146,intercepted,1,0,0,0,167,16,8.0,151,167.0,83.5,2.081951856613159,0,1.1335077283805923,1.3809562921524048,1.225612701459098,152
LEAD,71147,intercepted,1,0,0,0,37,10,5.0,27,37.0,18.5,8.807124137878418,0,1.2152468051229204,1.8215676546096802,1.2839604845192787,28
LEAD,71148,soldier_caught,0,1,0,0,34,10,5.0,24,,,1.0090140104293823,0,1.125428500175476,1.2636322975158691,1.1956355524453957,25
LEAD,71149,intercepted,1,0,0,0,279,13,6.5,266,279.0,139.5,9.503683090209961,0,1.1160991184887814,1.488373041152954,1.2287796917504987,267
LEAD,71150,intercepted,1,0,0,0,23,16,8.0,7,23.0,11.5,11.802891731262207,0,1.3937766216695309,1.673305630683899,1.5124720093436974,8
LEAD,71151,intercepted,1,0,0,0,95,21,10.5,74,95.0,47.5,11.049554824829102,0,1.11382643977801,0.9081009030342102,1.1904059157181148,75
LEAD,71152,intercepted,1,0,0,0,34,18,9.0,16,34.0,17.0,13.820417404174805,0,1.0160544462063734,1.467183232307434,1.1156379423545648,17
LEAD,71153,soldier_caught,0,1,0,0,20,18,9.0,2,,,1.9458811283111572,0,1.4583505392074585,1.6810863018035889,1.46703638369964,3
LEAD,71154,intercepted,1,0,0,0,127,11,5.5,116,127.0,63.5,2.34604549407959,0,1.1806631062784765,0.9112942814826965,1.2644994972515267,117
LEAD,71155,intercepted,1,0,0,0,169,29,14.5,140,169.0,84.5,13.376514434814453,0,1.0597743670991127,1.3167104721069336,1.1452798376406137,141
LEAD,71156,intercepted,1,0,0,0,62,10,5.0,52,62.0,31.0,8.794414520263672,0,1.2449714142196584,0.33040645718574524,1.3415209925235885,53
LEAD,71157,intercepted,1,0,0,0,91,10,5.0,81,91.0,45.5,8.298535346984863,0,1.0877324958763472,0.9904964566230774,1.1782697723893976,82
LEAD,71158,intercepted,1,0,0,0,61,7,3.5,54,61.0,30.5,11.736823081970215,0,1.1029723370617086,0.830514669418335,1.197395359803145,55
LEAD,71159,intercepted,1,0,0,0,86,31,15.5,55,86.0,43.0,9.556985855102539,0,1.0521254845495736,2.1647136211395264,1.154359352915997,56
LEAD,71160,intercepted,1,0,0,0,57,11,5.5,46,57.0,28.5,5.1163129806518555,0,1.1078872217776927,0.7164170145988464,1.1900253738310522,47
LEAD,71161,intercepted,1,0,0,0,82,10,5.0,72,82.0,41.0,7.6126556396484375,0,1.1400467655430102,0.29515302181243896,1.2294980930873813,73
LEAD,71162,soldier_caught,0,1,0,0,350,10,5.0,340,,,1.6646053791046143,0,1.1506604830190932,1.3242912292480469,1.2415767369796304,341
LEAD,71163,intercepted,1,0,0,0,155,26,13.0,129,155.0,77.5,9.072769165039062,0,1.0707040342000815,0.6253045797348022,1.163567400634791,130
LEAD,71164,intercepted,1,0,0,0,12,10,5.0,2,12.0,6.0,4.88104248046875,0,1.024509310722351,1.122323751449585,1.0284489154462675,3
LEAD,71165,intercepted,1,0,0,0,490,35,17.5,455,490.0,245.0,2.8612794876098633,0,1.096920078130145,0.9605702757835388,1.194995876060324,456
LEAD,71166,soldier_caught,0,1,0,0,35,11,5.5,24,,,0.7577794194221497,0,1.1276666820049286,0.271310031414032,1.214689357211861,25
LEAD,71167,intercepted,1,0,0,0,446,24,12.0,422,446.0,223.0,6.539079666137695,0,1.1329242302100426,0.8804643154144287,1.2203340322925649,423
LEAD,71168,intercepted,1,0,0,0,47,9,4.5,38,47.0,23.5,9.954331398010254,0,1.1948479612668355,1.698878526687622,1.2523992706319844,39
LEAD,71169,intercepted,1,0,0,0,122,9,4.5,113,122.0,61.0,2.647444486618042,0,1.1995693760221464,1.1125065088272095,1.287144685959673,114
LEAD,71170,intercepted,1,0,0,0,89,10,5.0,79,89.0,44.5,6.120658874511719,0,1.180670515447855,1.4516067504882812,1.27304972371591,80
LEAD,71171,intercepted,1,0,0,0,286,45,22.5,241,286.0,143.0,6.459944248199463,0,1.158255751683446,1.008677363395691,1.2482358346731068,242
LEAD,71172,intercepted,1,0,0,0,127,10,5.0,117,127.0,63.5,6.449031829833984,0,1.1852905339229916,1.1930556297302246,1.2828663781080074,118
LEAD,71173,intercepted,1,0,0,0,141,31,15.5,110,141.0,70.5,13.60970687866211,0,1.0373681995782766,1.0581047534942627,1.133288708578386,111
LEAD,71174,intercepted,1,0,0,0,110,12,6.0,98,110.0,55.0,5.269887924194336,0,1.243492813122393,0.7631096243858337,1.3442618585965913,99
LEAD,71175,intercepted,1,0,0,0,290,9,4.5,281,290.0,145.0,4.792174339294434,0,1.083816463484409,1.3998366594314575,1.1799220895662001,282
LEAD,71176,intercepted,1,0,0,0,48,14,7.0,34,48.0,24.0,8.86557388305664,0,1.193035797561918,0.7516899108886719,1.2951171872342953,35
LEAD,71177,intercepted,1,0,0,0,117,9,4.5,108,117.0,58.5,3.4825751781463623,0,1.1312134990451532,1.1388050317764282,1.2158035687102664,109
LEAD,71178,intercepted,1,0,0,0,97,10,5.0,87,97.0,48.5,2.3254611492156982,0,1.1258994525467807,1.1756497621536255,1.206501215828372,88
LEAD,71179,soldier_caught,0,1,0,0,83,12,6.0,71,,,1.4076558351516724,0,1.042651941585872,0.7677478790283203,1.122880320614427,72
LEAD,71180,soldier_caught,0,1,0,0,12,10,5.0,2,,,1.7119030952453613,0,1.2210042476654053,1.1809275150299072,1.2277114498379238,3
LEAD,71181,intercepted,1,0,0,0,68,13,6.5,55,68.0,34.0,2.7814488410949707,0,1.1622079546962465,0.5820614099502563,1.2679774835288915,56
LEAD,71182,soldier_caught,0,1,0,0,734,16,8.0,718,,,0.9291139245033264,0,1.1139161763958871,0.35589924454689026,1.2121026083147788,719
LEAD,71183,intercepted,1,0,0,0,37,9,4.5,28,37.0,18.5,3.0399038791656494,0,1.1045053138815124,1.1278637647628784,1.19874843318232,29
LEAD,71184,intercepted,1,0,0,0,115,31,15.5,84,115.0,57.5,2.9271206855773926,0,1.0395410997026107,0.9495462775230408,1.1122275227818799,85
LEAD,71185,intercepted,1,0,0,0,798,13,6.5,785,798.0,399.0,2.888030767440796,0,1.145116525069448,1.0427403450012207,1.238427393462834,786
LEAD,71186,intercepted,1,0,0,0,410,74,37.0,336,410.0,205.0,6.369998455047607,0,1.1093767747415633,1.1389180421829224,1.2059876073876132,337
LEAD,71187,intercepted,1,0,0,0,29,17,8.5,12,29.0,14.5,11.78250789642334,0,1.0694694358568926,0.954367458820343,1.1445618565851212,13
LEAD,71188,intercepted,1,0,0,0,102,8,4.0,94,102.0,51.0,7.686163902282715,0,1.1095892074861025,1.2680772542953491,1.2031043506853012,95
LEAD,71189,intercepted,1,0,0,0,58,9,4.5,49,58.0,29.0,6.53549861907959,0,1.0335335025191308,1.1871179342269897,1.1549418834041003,50
LEAD,71190,intercepted,1,0,0,0,56,8,4.0,48,56.0,28.0,3.08140230178833,0,1.0269796206634871,0.5127177238464355,1.1137445465995477,49
LEAD,71191,soldier_caught,0,1,0,0,33,7,3.5,26,,,0.7397932410240173,0,1.1514712439643011,0.723076581954956,1.2553609891953905,27
LEAD,71192,soldier_caught,0,1,0,0,39,11,5.5,28,,,1.0950473546981812,0,1.1182489066288388,1.064117193222046,1.1785867860486856,29
LEAD,71193,soldier_caught,0,1,0,0,37,12,6.0,25,,,1.415069341659546,0,1.1411373133842762,0.5280444622039795,1.2458029433030215,26
LEAD,71194,intercepted,1,0,0,0,77,11,5.5,66,77.0,38.5,7.768886089324951,0,1.1608427980942513,0.5869068503379822,1.2474711281587643,67
LEAD,71195,intercepted,1,0,0,0,43,13,6.5,30,43.0,21.5,9.316947937011719,0,1.1462412279459737,0.784504234790802,1.2571314576603807,31
LEAD,71196,intercepted,1,0,0,0,50,8,4.0,42,50.0,25.0,5.066065788269043,0,1.1216583570768668,1.5210158824920654,1.237929546962941,43
LEAD,71197,intercepted,1,0,0,0,38,8,4.0,30,38.0,19.0,2.8095626831054688,0,1.0438830506417058,0.505159854888916,1.097554609494629,31
LEAD,71198,intercepted,1,0,0,0,83,30,15.0,53,83.0,41.5,10.278371810913086,0,1.0807371619674895,1.229702353477478,1.160069029894993,54
LEAD,71199,intercepted,1,0,0,0,131,10,5.0,121,131.0,65.5,10.804952621459961,0,1.1022237108134834,1.7665455341339111,1.2060927379210589,122
LEAD,71200,intercepted,1,0,0,0,146,9,4.5,137,146.0,73.0,4.765925884246826,0,1.1293943110799445,1.51249361038208,1.2427992844543725,138
LEAD,71201,soldier_caught,0,1,0,0,10,8,4.0,2,,,1.0625303983688354,0,0.926485538482666,0.9164260625839233,0.9683859068595188,3
LEAD,71202,intercepted,1,0,0,0,201,10,5.0,191,201.0,100.5,5.143815994262695,0,1.186133267590776,1.0491288900375366,1.2800286005020456,192
LEAD,71203,soldier_caught,0,1,0,0,13,11,5.5,2,,,1.9758625030517578,0,1.112685243288676,1.0746232271194458,1.11797820174137,3
LEAD,71204,intercepted,1,0,0,0,172,9,4.5,163,172.0,86.0,7.881706714630127,0,1.1239921292517243,0.7651790380477905,1.211637297171326,164
LEAD,71205,soldier_caught,0,1,0,0,38,12,6.0,26,,,1.284175992012024,0,1.1220872551202774,0.6899434328079224,1.201794273317477,27
LEAD,71206,soldier_caught,0,1,0,0,349,11,5.5,338,,,1.8439284563064575,0,1.1745925123273095,1.8368282318115234,1.279782971367605,339
LEAD,71207,intercepted,1,0,0,0,71,9,4.5,62,71.0,35.5,2.363065481185913,0,1.065696183887739,1.939802885055542,1.2081696868367924,63
LEAD,71208,intercepted,1,0,0,0,156,8,4.0,148,156.0,78.0,4.836746692657471,0,1.1017479474512524,1.3358274698257446,1.1817221088598466,149
LEAD,71209,intercepted,1,0,0,0,78,8,4.0,70,78.0,39.0,6.74102258682251,0,1.1930881679897578,0.6577373743057251,1.278850717570294,71
LEAD,71210,intercepted,1,0,0,0,87,9,4.5,78,87.0,43.5,3.30214262008667,0,1.0952093618202814,0.9789173603057861,1.1755285611636674,79
LEAD,71211,intercepted,1,0,0,0,11,9,4.5,2,11.0,5.5,5.60915470123291,0,0.9520745749274889,1.2602949142456055,1.144647863752166,3
LEAD,71212,intercepted,1,0,0,0,83,12,6.0,71,83.0,41.5,5.867617130279541,0,1.0609397888183594,1.2729874849319458,1.1898505969094755,72
LEAD,71213,intercepted,1,0,0,0,98,26,13.0,72,98.0,49.0,3.488368272781372,0,1.1523973417200455,1.0772377252578735,1.2612348023772746,73
LEAD,71214,intercepted,1,0,0,0,109,13,6.5,96,109.0,54.5,10.568585395812988,0,1.12035774232186,1.4524800777435303,1.2155824721500426,97
LEAD,71215,intercepted,1,0,0,0,58,18,9.0,40,58.0,29.0,9.755120277404785,0,1.0765939518445875,1.6360353231430054,1.1497731117978582,41
LEAD,71216,intercepted,1,0,0,0,224,12,6.0,212,224.0,112.0,11.302123069763184,0,1.1812217639225748,2.4225800037384033,1.2775094947677637,213
LEAD,71217,intercepted,1,0,0,0,282,11,5.5,271,282.0,141.0,6.176692485809326,0,1.0861219990834154,1.100045084953308,1.1787074927185706,272
LEAD,71218,intercepted,1,0,0,0,180,9,4.5,171,180.0,90.0,3.344754934310913,0,1.162613733390043,1.1393882036209106,1.2503256883158071,172
LEAD,71219,intercepted,1,0,0,0,22,10,5.0,12,22.0,11.0,6.588904857635498,0,1.046433299779892,1.2711848020553589,1.1702032485435254,13
LEAD,71220,intercepted,1,0,0,0,255,36,18.0,219,255.0,127.5,4.7978596687316895,0,1.082374655590816,0.9975408315658569,1.1828384057976808,220
LEAD,71221,intercepted,1,0,0,0,21,9,4.5,12,21.0,10.5,2.7585346698760986,0,1.0930668940910926,0.3163023591041565,1.1490759284235357,13
LEAD,71222,intercepted,1,0,0,0,71,14,7.0,57,71.0,35.5,4.100632190704346,0,1.1299726048420216,1.3122369050979614,1.217087152458011,58
LEAD,71223,intercepted,1,0,0,0,78,10,5.0,68,78.0,39.0,10.396273612976074,0,1.2115815657636393,1.2110942602157593,1.2799051720899446,69
LEAD,71224,intercepted,1,0,0,0,206,12,6.0,194,206.0,103.0,3.573336362838745,0,1.1344171585944982,1.1464438438415527,1.229478871322334,195
LEAD,71225,intercepted,1,0,0,0,187,52,26.0,135,187.0,93.5,5.813333034515381,0,1.116953613839167,1.253953456878662,1.2156504792719003,136
LEAD,71226,intercepted,1,0,0,0,153,8,4.0,145,153.0,76.5,6.521394729614258,0,1.1661207455478302,1.3726263046264648,1.2679241321613635,146
LEAD,71227,intercepted,1,0,0,0,35,8,4.0,27,35.0,17.5,7.477035999298096,0,1.0876403355172701,0.4073384702205658,1.2065918758285197,28
LEAD,71228,intercepted,1,0,0,0,58,12,6.0,46,58.0,29.0,6.037770748138428,0,1.1983672450197504,1.2775272130966187,1.2692252576386909,47
LEAD,71229,intercepted,1,0,0,0,287,8,4.0,279,287.0,143.5,2.0120577812194824,0,1.1153295776407635,0.7915756106376648,1.228043725306766,280
LEAD,71230,intercepted,1,0,0,0,31,12,6.0,19,31.0,15.5,6.730534553527832,0,1.0197666063904762,0.9728721380233765,1.1067269548730745,20
LEAD,71231,intercepted,1,0,0,0,345,13,6.5,332,345.0,172.5,6.100039005279541,0,1.0620082415438987,1.1144112348556519,1.1575194509154476,333
LEAD,71232,soldier_caught,0,1,0,0,14,12,6.0,2,,,1.9416728019714355,0,1.0437307953834534,0.8491855263710022,1.0553989370172914,3
LEAD,71233,intercepted,1,0,0,0,35,13,6.5,22,35.0,17.5,12.368219375610352,0,1.1079550087451935,1.0606530904769897,1.2125793008365742,23
LEAD,71234,intercepted,1,0,0,0,323,10,5.0,313,323.0,161.5,2.567678689956665,0,1.1089388179076705,1.128516674041748,1.2006275814324823,314
LEAD,71235,intercepted,1,0,0,0,65,9,4.5,56,65.0,32.5,7.094300746917725,0,1.0515532655674114,0.9817723035812378,1.1582968333417394,57
LEAD,71236,intercepted,1,0,0,0,20,10,5.0,10,20.0,10.0,8.101356506347656,0,0.9735944216901605,0.740125298500061,1.0651987829941494,11
LEAD,71237,intercepted,1,0,0,0,69,9,4.5,60,69.0,34.5,8.274706840515137,0,1.0596426881727625,2.1183552742004395,1.157759021583034,61
LEAD,71238,intercepted,1,0,0,0,108,11,5.5,97,108.0,54.0,5.892586708068848,0,1.1077827336836834,1.1964775323867798,1.193929112208724,98
LEAD,71239,intercepted,1,0,0,0,49,11,5.5,38,49.0,24.5,4.300985813140869,0,1.1465029617150624,1.1528445482254028,1.2655221226473503,39
LEAD,71240,intercepted,1,0,0,0,38,9,4.5,29,38.0,19.0,3.057075023651123,0,1.1771180172761282,1.032636284828186,1.2640480136078123,30
LEAD,71241,intercepted,1,0,0,0,94,16,8.0,78,94.0,47.0,2.5663363933563232,0,1.087672845849508,1.0277414321899414,1.2000168497306578,79
LEAD,71242,intercepted,1,0,0,0,140,11,5.5,129,140.0,70.0,6.582791805267334,0,1.1282993668547043,0.9294673204421997,1.2314798536808582,130
LEAD,71243,intercepted,1,0,0,0,113,16,8.0,97,113.0,56.5,3.549553394317627,0,1.1650041904376478,1.7156401872634888,1.2373551896427266,98
LEAD,71244,intercepted,1,0,0,0,61,15,7.5,46,61.0,30.5,11.864407539367676,0,1.0217371221552505,1.9471677541732788,1.0992569362458695,47
LEAD,71245,intercepted,1,0,0,0,46,16,8.0,30,46.0,23.0,10.994162559509277,0,1.2501849916673475,0.9268269538879395,1.3166303292979007,31
LEAD,71246,soldier_caught,0,1,0,0,35,9,4.5,26,,,1.863651156425476,0,1.2317285052052251,0.8607780933380127,1.2911489982783895,27
LEAD,71247,intercepted,1,0,0,0,45,9,4.5,36,45.0,22.5,6.829634666442871,0,1.0141413042674194,0.8954387903213501,1.1006401532486585,37
LEAD,71248,intercepted,1,0,0,0,224,101,50.5,123,224.0,112.0,10.864666938781738,0,1.1951150713909058,0.37035512924194336,1.2836380139976062,124
LEAD,71249,intercepted,1,0,0,0,172,8,4.0,164,172.0,86.0,2.234168291091919,0,1.1086769724434071,0.8344513177871704,1.214092525074708,165
LEAD,71250,intercepted,1,0,0,0,162,42,21.0,120,162.0,81.0,10.0064697265625,0,1.1320565688954898,1.1308785676956177,1.246211313754277,121
LEAD,71251,intercepted,1,0,0,0,23,15,7.5,8,23.0,11.5,10.774643898010254,0,1.1208670834700267,2.635227918624878,1.3054066781704263,9
LEAD,71252,intercepted,1,0,0,0,96,11,5.5,85,96.0,48.0,4.144759178161621,0,1.0921686520410139,1.3908644914627075,1.200631386888282,86
LEAD,71253,soldier_caught,0,1,0,0,165,9,4.5,156,,,1.2891062498092651,0,1.0948866564946569,1.2603650093078613,1.192866758774913,157
LEAD,71254,intercepted,1,0,0,0,21,9,4.5,12,21.0,10.5,6.798734188079834,0,1.0696691297567809,1.4815142154693604,1.154470174059228,13
LEAD,71255,intercepted,1,0,0,0,158,91,45.5,67,158.0,79.0,5.698381423950195,0,1.1575583197614725,2.1600186824798584,1.2564683791549893,68
LEAD,71256,intercepted,1,0,0,0,34,15,7.5,19,34.0,17.0,5.488893985748291,0,1.1320281133055687,1.2278858423233032,1.1872404361002395,20
LEAD,71257,intercepted,1,0,0,0,466,16,8.0,450,466.0,233.0,4.520990371704102,0,1.1342211521319434,1.7441861629486084,1.2258896328611912,451
LEAD,71258,intercepted,1,0,0,0,668,12,6.0,656,668.0,334.0,2.2190918922424316,0,1.1212980402024006,1.0812486410140991,1.2079245318290226,657
LEAD,71259,intercepted,1,0,0,0,126,12,6.0,114,126.0,63.0,8.654804229736328,0,1.1385294116061666,0.8977609276771545,1.2366571688969714,115
LEAD,71260,intercepted,1,0,0,0,152,7,3.5,145,152.0,76.0,4.845588207244873,0,1.076930515263995,1.680168867111206,1.1845919657412476,146
LEAD,71261,soldier_caught,0,1,0,0,37,11,5.5,26,,,1.367734670639038,0,1.1296787924236722,1.6491531133651733,1.2206385593581892,27
LEAD,71262,intercepted,1,0,0,0,33,9,4.5,24,33.0,16.5,7.346890449523926,0,1.0327366948127747,0.631743311882019,1.1555923014361846,25
LEAD,71263,intercepted,1,0,0,0,223,10,5.0,213,223.0,111.5,9.845515251159668,0,1.1328888902458074,0.7806809544563293,1.241742311955225,214
LEAD,71264,intercepted,1,0,0,0,108,8,4.0,100,108.0,54.0,3.1302998065948486,0,1.1350570368294668,0.8595893383026123,1.2324516100115033,101
LEAD,71265,intercepted,1,0,0,0,98,8,4.0,90,98.0,49.0,6.391753673553467,0,1.1469436713627406,0.6196679472923279,1.221624014281181,91
LEAD,71266,intercepted,1,0,0,0,11,9,4.5,2,11.0,5.5,4.208242416381836,0,0.7918355613946915,0.17374514043331146,0.9265277479867542,3
LEAD,71267,intercepted,1,0,0,0,58,10,5.0,48,58.0,29.0,7.289580821990967,0,1.1600631980263456,0.8196431398391724,1.2382842274914954,49
LEAD,71268,intercepted,1,0,0,0,75,8,4.0,67,75.0,37.5,3.3675286769866943,0,1.146126785699059,1.5975422859191895,1.2455996083845025,68
LEAD,71269,intercepted,1,0,0,0,116,9,4.5,107,116.0,58.0,5.307248115539551,0,1.1180339956449137,0.49891844391822815,1.203312301464434,108
LEAD,71270,intercepted,1,0,0,0,38,10,5.0,28,38.0,19.0,9.638492584228516,0,1.0869078214826255,1.2160032987594604,1.1689218113895292,29
LEAD,71271,intercepted,1,0,0,0,322,8,4.0,314,322.0,161.0,2.263016700744629,0,1.153132110881427,1.063586950302124,1.2423585332910916,315
LEAD,71272,intercepted,1,0,0,0,67,9,4.5,58,67.0,33.5,8.780997276306152,0,1.1913042245274883,0.591641902923584,1.2537747324516544,59
LEAD,71273,intercepted,1,0,0,0,202,31,15.5,171,202.0,101.0,6.423469066619873,0,1.1007781262661136,1.408442735671997,1.1858577399101669,172
LEAD,71274,intercepted,1,0,0,0,85,15,7.5,70,85.0,42.5,11.038040161132812,0,1.1582974478812285,1.3930689096450806,1.2458902542072328,71
LEAD,71275,intercepted,1,0,0,0,98,35,17.5,63,98.0,49.0,4.132519245147705,0,1.0754277042578906,0.4499073624610901,1.1725649909012248,64
LEAD,71276,intercepted,1,0,0,0,269,8,4.0,261,269.0,134.5,2.1721997261047363,0,1.1748193705468688,0.898364245891571,1.2611720103481123,262
LEAD,71277,intercepted,1,0,0,0,154,77,38.5,77,154.0,77.0,10.336980819702148,0,1.1104178898609602,0.9227136373519897,1.203665145915408,78
LEAD,71278,intercepted,1,0,0,0,195,74,37.0,121,195.0,97.5,8.463624000549316,0,1.099048625494613,1.313029408454895,1.1889906455290302,122
LEAD,71279,intercepted,1,0,0,0,20,11,5.5,9,20.0,10.0,8.8493013381958,0,0.8511992670595646,0.83785480260849,0.9373944710408837,10
LEAD,71280,intercepted,1,0,0,0,251,10,5.0,241,251.0,125.5,3.2540903091430664,0,1.122803148282461,1.0902146100997925,1.2125882550766451,242
LEAD,71281,intercepted,1,0,0,0,241,12,6.0,229,241.0,120.5,3.323922634124756,0,1.1953776936816132,0.8833666443824768,1.2933578163567376,230
LEAD,71282,intercepted,1,0,0,0,41,8,4.0,33,41.0,20.5,3.652695417404175,0,1.0437931028359078,1.0159531831741333,1.1363265121839903,34
LEAD,71283,soldier_caught,0,1,0,0,177,10,5.0,167,,,1.884487271308899,0,1.1288488024757022,0.43872150778770447,1.2207518728010893,168
LEAD,71284,intercepted,1,0,0,0,65,12,6.0,53,65.0,32.5,8.04510498046875,0,1.082858075146322,0.6732701063156128,1.1595697123861601,54
LEAD,71285,intercepted,1,0,0,0,404,14,7.0,390,404.0,202.0,3.863990068435669,0,1.1180381424667891,0.5571326613426208,1.2150544958455012,391
LEAD,71286,unsafe_intercept,0,0,1,0,34,9,4.5,25,,,2.55151104927063,0,1.1191551639483526,1.3317219018936157,1.1617677238470205,26
LEAD,71287,unsafe_intercept,0,0,1,0,12,10,5.0,2,,,3.0229549407958984,0,1.3049777746200562,1.7106878757476807,1.3747686455022208,3
LEAD,71288,intercepted,1,0,0,0,79,10,5.0,69,79.0,39.5,2.288611888885498,0,1.0750119087951524,1.9742796421051025,1.1784822458660085,70
LEAD,71289,intercepted,1,0,0,0,270,131,65.5,139,270.0,135.0,5.074268341064453,0,1.1538472152182033,0.7374645471572876,1.2600002732504536,140
LEAD,71290,intercepted,1,0,0,0,359,50,25.0,309,359.0,179.5,2.350459337234497,0,1.116980609393889,0.6024397611618042,1.2148824601846093,310
LEAD,71291,intercepted,1,0,0,0,85,36,18.0,49,85.0,42.5,4.380105018615723,0,1.1368240761756896,1.3318110704421997,1.229769339496138,50
LEAD,71292,intercepted,1,0,0,0,88,12,6.0,76,88.0,44.0,3.4001452922821045,0,1.1181656906937625,0.9201362729072571,1.2245621021666788,77
LEAD,71293,intercepted,1,0,0,0,527,9,4.5,518,527.0,263.5,6.785562038421631,0,1.096379007950339,1.2872141599655151,1.1887159420400881,519
LEAD,71294,intercepted,1,0,0,0,74,13,6.5,61,74.0,37.0,6.623082160949707,0,1.133978916752723,1.0254234075546265,1.2433055898500789,62
LEAD,71295,soldier_caught,0,1,0,0,12,10,5.0,2,,,1.6595604419708252,0,1.5463094512621562,1.9162483215332031,1.5994095167687608,3
LEAD,71296,intercepted,1,0,0,0,99,11,5.5,88,99.0,49.5,11.46630859375,0,1.0531392562925146,1.0249022245407104,1.1761398500275548,89
LEAD,71297,intercepted,1,0,0,0,276,9,4.5,267,276.0,138.0,3.4737648963928223,0,1.1286373723075906,1.8074820041656494,1.2244090306251092,268
LEAD,71298,intercepted,1,0,0,0,65,43,21.5,22,65.0,32.5,12.749393463134766,0,1.1229451557864314,0.7153244614601135,1.2174838754328587,23
LEAD,71299,intercepted,1,0,0,0,365,9,4.5,356,365.0,182.5,2.5898277759552,0,1.085921339941125,0.7457409501075745,1.1935043882615386,357
