candidate_id,environment_seed,outcome,success,soldier_caught,unsafe_intercept,timeout,total_steps,detection_step,detection_time_seconds,post_detection_steps,intercept_step,intercept_time_seconds,min_enemy_soldier_dist,physical_limit_violations,mean_tracking_error,final_tracking_error,tracking_rmse,n_tracking_samples,optimizer_fallback_count,measurement_fallback_count,lead_init_count,pursuit_init_count,n_policy_calls,n_post_detection_decisions
C2_SHORT,71030,intercepted,1,0,0,0,88,14,7.0,74,88.0,44.0,5.782033443450928,0,1.174234482049942,0.8888412714004517,1.297020721703975,75,0,0,73,1,88,74
C2_SHORT,71031,intercepted,1,0,0,0,80,18,9.0,62,80.0,40.0,12.630122184753418,0,1.1024727561171093,1.6331769227981567,1.2220218374456677,63,0,0,61,1,80,62
C2_SHORT,71032,intercepted,1,0,0,0,28,12,6.0,16,28.0,14.0,7.801931381225586,0,1.1188917545711292,0.46808528900146484,1.2145309164860725,17,0,0,15,1,28,16
C2_SHORT,71033,intercepted,1,0,0,0,86,8,4.0,78,86.0,43.0,4.718289375305176,0,1.1320667762922336,1.115971565246582,1.236747048470759,79,0,0,77,1,86,78
C2_SHORT,71034,soldier_caught,0,1,0,0,171,34,17.0,137,,,1.7694735527038574,0,1.1136741049695706,1.3323922157287598,1.1883119148931756,138,0,0,136,1,171,137
C2_SHORT,71035,intercepted,1,0,0,0,196,12,6.0,184,196.0,98.0,10.78729248046875,0,1.1468795351079992,1.8859752416610718,1.2373948316950814,185,0,0,183,1,196,184
C2_SHORT,71036,intercepted,1,0,0,0,118,9,4.5,109,118.0,59.0,4.176112651824951,0,1.0844152211465619,0.6709427833557129,1.1909903256020287,110,0,0,108,1,118,109
C2_SHORT,71037,intercepted,1,0,0,0,325,15,7.5,310,325.0,162.5,2.7514727115631104,0,1.1263782738010217,0.9509714245796204,1.2171477541768279,311,0,0,309,1,325,310
C2_SHORT,71038,intercepted,1,0,0,0,135,12,6.0,123,135.0,67.5,10.156688690185547,0,1.098811216772564,1.1493911743164062,1.196349252755622,124,0,0,122,1,135,123
C2_SHORT,71039,soldier_caught,0,1,0,0,35,11,5.5,24,,,1.9986681938171387,0,1.1586426889896393,1.2499027252197266,1.2097513496657932,25,0,0,23,1,35,24
C2_SHORT,71040,soldier_caught,0,1,0,0,63,11,5.5,52,,,0.7187627553939819,0,1.2027872081072826,1.0341640710830688,1.2787387745539986,53,0,0,51,1,63,52
C2_SHORT,71041,intercepted,1,0,0,0,141,12,6.0,129,141.0,70.5,2.0536186695098877,0,1.083592261459965,0.7728614807128906,1.1740615330935584,130,0,0,128,1,141,129
C2_SHORT,71042,soldier_caught,0,1,0,0,41,13,6.5,28,,,1.5872551202774048,0,1.1271858873038456,1.6688833236694336,1.2201291828341911,29,0,0,27,1,41,28
C2_SHORT,71043,intercepted,1,0,0,0,142,8,4.0,134,142.0,71.0,3.1115171909332275,0,1.1091151297092439,0.9946017265319824,1.1914660627268776,135,0,0,133,1,142,134
C2_SHORT,71044,intercepted,1,0,0,0,715,9,4.5,706,715.0,357.5,2.1040494441986084,0,1.1716472199542352,1.4262841939926147,1.2695151565374048,707,0,0,705,1,715,706
C2_SHORT,71045,intercepted,1,0,0,0,308,8,4.0,300,308.0,154.0,6.7579145431518555,0,1.1629509329053254,2.650866985321045,1.270937962813905,301,0,0,299,1,308,300
C2_SHORT,71046,intercepted,1,0,0,0,354,46,23.0,308,354.0,177.0,3.776038646697998,0,1.164468553170417,1.0171695947647095,1.2638493746951276,309,0,0,307,1,354,308
C2_SHORT,71047,intercepted,1,0,0,0,494,16,8.0,478,494.0,247.0,8.055484771728516,0,1.1164327967670864,1.0745725631713867,1.2161352410570196,479,0,0,477,1,494,478
C2_SHORT,71048,intercepted,1,0,0,0,159,10,5.0,149,159.0,79.5,4.0145697593688965,0,1.1023330954710642,1.0082173347473145,1.194180687831989,150,0,0,148,1,159,149
C2_SHORT,71049,intercepted,1,0,0,0,274,8,4.0,266,274.0,137.0,7.9976701736450195,0,1.0954112278834711,1.0051246881484985,1.1847379142140098,267,0,0,265,1,274,266
C2_SHORT,71050,soldier_caught,0,1,0,0,329,44,22.0,285,,,1.706028938293457,0,1.1615126029282183,1.5555912256240845,1.2617229933924765,286,0,0,284,1,329,285
C2_SHORT,71051,intercepted,1,0,0,0,12,9,4.5,3,12.0,6.0,11.699727058410645,0,1.2760594338178635,1.0576415061950684,1.33808856063709,4,0,0,2,1,12,3
C2_SHORT,71052,intercepted,1,0,0,0,65,15,7.5,50,65.0,32.5,10.727202415466309,0,1.1380514409027847,2.167623519897461,1.2329215160654705,51,0,0,49,1,65,50
C2_SHORT,71053,intercepted,1,0,0,0,46,10,5.0,36,46.0,23.0,5.656110763549805,0,0.964487331944543,1.3995312452316284,1.0649487285055643,37,0,0,35,1,46,36
C2_SHORT,71054,intercepted,1,0,0,0,219,10,5.0,209,219.0,109.5,2.0440516471862793,0,1.121670298916953,1.0788449048995972,1.2281295640793757,210,0,0,208,1,219,209
C2_SHORT,71055,intercepted,1,0,0,0,9,7,3.5,2,9.0,4.5,5.504883289337158,0,1.1282857259114583,1.1806676387786865,1.129472938624622,3,0,0,1,1,9,2
C2_SHORT,71056,intercepted,1,0,0,0,212,20,10.0,192,212.0,106.0,10.499836921691895,0,1.1241034249258783,0.665027379989624,1.2096339894604964,193,0,0,191,1,212,192
C2_SHORT,71057,intercepted,1,0,0,0,20,13,6.5,7,20.0,10.0,13.298602104187012,0,1.347192108631134,1.4707032442092896,1.4120100050028888,8,0,0,6,1,20,7
C2_SHORT,71058,intercepted,1,0,0,0,420,14,7.0,406,420.0,210.0,6.059084892272949,0,1.1159637402331215,1.472212791442871,1.2198118843731904,407,0,0,405,1,420,406
C2_SHORT,71059,intercepted,1,0,0,0,404,14,7.0,390,404.0,202.0,5.575300216674805,0,1.0958221294843327,0.4272516965866089,1.1962269137433235,391,0,0,389,1,404,390
C2_SHORT,71060,intercepted,1,0,0,0,84,11,5.5,73,84.0,42.0,5.858831882476807,0,1.1416957253539883,1.0859148502349854,1.2229731715708136,74,0,0,72,1,84,73
C2_SHORT,71061,soldier_caught,0,1,0,0,128,8,4.0,120,,,1.320488691329956,0,1.1514062615465526,1.0825283527374268,1.2663579046303661,121,0,0,119,1,128,120
C2_SHORT,71062,soldier_caught,0,1,0,0,142,9,4.5,133,,,1.6428978443145752,0,1.0689379046323584,0.5494531393051147,1.171616352731201,134,0,0,132,1,142,133
C2_SHORT,71063,intercepted,1,0,0,0,10,8,4.0,2,10.0,5.0,4.412937164306641,0,1.1001604596773784,1.2836285829544067,1.1694051348451784,3,0,0,1,1,10,2
C2_SHORT,71064,soldier_caught,0,1,0,0,256,14,7.0,242,,,1.1055333614349365,0,1.122335047572238,1.4330832958221436,1.2316595294778807,243,0,0,241,1,256,242
C2_SHORT,71065,intercepted,1,0,0,0,260,8,4.0,252,260.0,130.0,8.539592742919922,0,1.1560786082574972,1.404201865196228,1.2578048165817772,253,0,0,251,1,260,252
C2_SHORT,71066,intercepted,1,0,0,0,263,11,5.5,252,263.0,131.5,4.50689172744751,0,1.1240331515846516,0.7819316387176514,1.2209446441382534,253,0,0,251,1,263,252
C2_SHORT,71067,intercepted,1,0,0,0,63,9,4.5,54,63.0,31.5,11.322132110595703,0,1.1428489354523745,1.3384774923324585,1.2325025589479524,55,0,0,53,1,63,54
C2_SHORT,71068,soldier_caught,0,1,0,0,367,45,22.5,322,,,0.5780203938484192,0,1.1101854672372895,1.5186184644699097,1.2044413049681364,323,0,0,321,1,367,322
C2_SHORT,71069,intercepted,1,0,0,0,58,11,5.5,47,58.0,29.0,5.07150936126709,0,1.0529830151547988,0.7501220703125,1.141585480340315,48,0,0,46,1,58,47
C2_SHORT,71070,intercepted,1,0,0,0,722,21,10.5,701,722.0,361.0,3.028944492340088,0,1.15525130789589,0.9261744618415833,1.2563970169391516,702,0,0,700,1,722,701
C2_SHORT,71071,soldier_caught,0,1,0,0,12,10,5.0,2,,,1.972448468208313,0,1.0512883464495342,0.950163722038269,1.0870619161978305,3,0,0,1,1,12,2
C2_SHORT,71072,soldier_caught,0,1,0,0,772,14,7.0,758,,,1.7150501012802124,0,1.1194670690083692,0.9926546216011047,1.2156070709325741,759,0,0,757,1,772,758
C2_SHORT,71073,intercepted,1,0,0,0,53,14,7.0,39,53.0,26.5,2.258707046508789,0,1.0444908529520034,2.132769823074341,1.1568927513450011,40,0,0,38,1,53,39
C2_SHORT,71074,intercepted,1,0,0,0,446,21,10.5,425,446.0,223.0,6.514053821563721,0,1.1034235061614166,0.5212151408195496,1.1901536469297218,426,0,0,424,1,446,425
C2_SHORT,71075,intercepted,1,0,0,0,360,9,4.5,351,360.0,180.0,4.378767013549805,0,1.1673938427967103,1.0839284658432007,1.2712434911856543,352,0,0,350,1,360,351
C2_SHORT,71076,intercepted,1,0,0,0,82,9,4.5,73,82.0,41.0,3.946685314178467,0,1.114848279469722,1.5481833219528198,1.2000600611877112,74,0,0,72,1,82,73
C2_SHORT,71077,soldier_caught,0,1,0,0,629,8,4.0,621,,,1.9229837656021118,0,1.1344436143923227,1.0030962228775024,1.2393449048526304,622,0,0,620,1,629,621
C2_SHORT,71078,intercepted,1,0,0,0,107,9,4.5,98,107.0,53.5,3.788092851638794,0,1.0814250498408018,0.8677621483802795,1.1890873206742671,99,0,0,97,1,107,98
C2_SHORT,71079,intercepted,1,0,0,0,1083,15,7.5,1068,1083.0,541.5,6.006253242492676,0,1.1402980187250924,1.2078670263290405,1.2357898392916447,1069,0,0,1067,1,1083,1068
C2_SHORT,71080,intercepted,1,0,0,0,908,12,6.0,896,908.0,454.0,2.2124669551849365,0,1.152506697478568,1.0961850881576538,1.2526140236674665,897,0,0,895,1,908,896
C2_SHORT,71081,intercepted,1,0,0,0,339,10,5.0,329,339.0,169.5,2.714348793029785,0,1.1195515714360007,1.6868926286697388,1.2163538585247775,330,0,0,328,1,339,329
C2_SHORT,71082,intercepted,1,0,0,0,57,35,17.5,22,57.0,28.5,9.994559288024902,0,0.9174087701932244,0.8772669434547424,1.016958648590615,23,0,0,21,1,57,22
C2_SHORT,71083,intercepted,1,0,0,0,66,14,7.0,52,66.0,33.0,5.692109107971191,0,1.1580722483823884,0.8650673627853394,1.2472734445344873,53,0,0,51,1,66,52
C2_SHORT,71084,soldier_caught,0,1,0,0,1014,14,7.0,1000,,,0.9130680561065674,0,1.1320964774260154,0.9569917917251587,1.2295834310754523,1001,0,0,999,1,1014,1000
C2_SHORT,71085,intercepted,1,0,0,0,37,9,4.5,28,37.0,18.5,9.38061809539795,0,1.0811484260805722,0.6476335525512695,1.1670514610916531,29,0,0,27,1,37,28
C2_SHORT,71086,soldier_caught,0,1,0,0,65,33,16.5,32,,,1.9499218463897705,0,1.1442669422337504,0.2912670075893402,1.241327855822025,33,0,0,31,1,65,32
C2_SHORT,71087,intercepted,1,0,0,0,51,9,4.5,42,51.0,25.5,4.6588897705078125,0,1.2235771313656207,1.2228821516036987,1.3155380322863837,43,0,0,41,1,51,42
C2_SHORT,71088,soldier_caught,0,1,0,0,82,37,18.5,45,,,1.081550121307373,0,1.092237339719482,1.4475396871566772,1.1839405567130907,46,0,0,44,1,82,45
C2_SHORT,71089,intercepted,1,0,0,0,16,12,6.0,4,16.0,8.0,13.961601257324219,0,0.9964198470115662,0.8742399215698242,1.036011684002397,5,0,0,3,1,16,4
C2_SHORT,71090,intercepted,1,0,0,0,392,14,7.0,378,392.0,196.0,6.06131649017334,0,1.1043794202301307,1.6520917415618896,1.2103927329866404,379,0,0,377,1,392,378
C2_SHORT,71091,intercepted,1,0,0,0,360,7,3.5,353,360.0,180.0,3.8157801628112793,0,1.1331077670983676,0.9126679301261902,1.2215245250172564,354,0,0,352,1,360,353
C2_SHORT,71092,intercepted,1,0,0,0,290,9,4.5,281,290.0,145.0,6.760092258453369,0,1.1067551180508965,0.8216075301170349,1.2081161736403934,282,0,0,280,1,290,281
C2_SHORT,71093,intercepted,1,0,0,0,12,10,5.0,2,12.0,6.0,4.821307182312012,0,0.8993695676326752,0.25470036268234253,1.1921385821240322,3,0,0,1,1,12,2
C2_SHORT,71094,intercepted,1,0,0,0,113,11,5.5,102,113.0,56.5,10.09575366973877,0,1.1030932112226208,1.5363963842391968,1.189962341816945,103,0,0,101,1,113,102
C2_SHORT,71095,intercepted,1,0,0,0,233,61,30.5,172,233.0,116.5,9.57028865814209,0,1.1235197333758966,1.5679302215576172,1.2327185580451043,173,0,0,171,1,233,172
C2_SHORT,71096,soldier_caught,0,1,0,0,447,10,5.0,437,,,1.797420620918274,0,1.128154401195376,0.9246429800987244,1.219246276847012,438,0,0,436,1,447,437
C2_SHORT,71097,intercepted,1,0,0,0,176,125,62.5,51,176.0,88.0,13.4077787399292,0,1.1086103532176752,1.232405185699463,1.1919928902330457,52,0,0,50,1,176,51
C2_SHORT,71098,intercepted,1,0,0,0,172,12,6.0,160,172.0,86.0,3.9081335067749023,0,1.135895972759087,1.5702366828918457,1.2390410646286936,161,0,0,159,1,172,160
C2_SHORT,71099,intercepted,1,0,0,0,12,10,5.0,2,12.0,6.0,6.609490871429443,0,1.0879775683085124,1.099931240081787,1.0896984896452095,3,0,0,1,1,12,2
C1_FAST,71030,intercepted,1,0,0,0,88,14,7.0,74,88.0,44.0,5.78743839263916,0,1.1742345027128855,0.8888412714004517,1.2970207473958186,75,0,0,73,1,88,74
C1_FAST,71031,intercepted,1,0,0,0,98,18,9.0,80,98.0,49.0,5.176222324371338,0,1.0876293438084332,1.0181864500045776,1.2082224544857467,81,0,0,79,1,98,80
C1_FAST,71032,intercepted,1,0,0,0,51,12,6.0,39,51.0,25.5,5.2775654792785645,0,1.2329588413238526,1.4905900955200195,1.3325593425774125,40,0,0,38,1,51,39
C1_FAST,71033,intercepted,1,0,0,0,555,8,4.0,547,555.0,277.5,3.9154295921325684,0,1.1251441883671023,0.4952523410320282,1.2217341707982579,548,0,0,546,1,555,547
C1_FAST,71034,intercepted,1,0,0,0,92,34,17.0,58,92.0,46.0,4.810271263122559,0,1.0939188271255817,1.7874865531921387,1.1723503156207222,59,0,0,57,1,92,58
C1_FAST,71035,intercepted,1,0,0,0,198,12,6.0,186,198.0,99.0,10.767610549926758,0,1.1486420548535923,0.8056159615516663,1.2393183798308192,187,0,0,185,1,198,186
C1_FAST,71036,intercepted,1,0,0,0,114,9,4.5,105,114.0,57.0,3.8815903663635254,0,1.0998371407249063,0.2715625762939453,1.2059111193897951,106,0,0,104,1,114,105
C1_FAST,71037,intercepted,1,0,0,0,43,15,7.5,28,43.0,21.5,9.096961975097656,0,1.2556077570750797,1.6904520988464355,1.3332537626375403,29,0,0,27,1,43,28
C1_FAST,71038,intercepted,1,0,0,0,465,12,6.0,453,465.0,232.5,5.786489963531494,0,1.149760836874861,1.5462896823883057,1.2418068427054234,454,0,0,452,1,465,453
C1_FAST,71039,intercepted,1,0,0,0,13,11,5.5,2,13.0,6.5,4.51005744934082,0,0.9818985462188721,0.8170619606971741,0.9912929583905727,3,0,0,1,1,13,2
C1_FAST,71040,intercepted,1,0,0,0,793,11,5.5,782,793.0,396.5,2.1184139251708984,0,1.133294410661034,1.0783474445343018,1.226580849304703,783,0,0,781,1,793,782
C1_FAST,71041,soldier_caught,0,1,0,0,137,12,6.0,125,,,1.4714531898498535,0,1.0810493808831014,0.749725341796875,1.1725408732019686,126,0,0,124,1,137,125
C1_FAST,71042,intercepted,1,0,0,0,94,13,6.5,81,94.0,47.0,2.0340981483459473,0,1.1334316232582418,0.3932945430278778,1.2370969687902913,82,0,0,80,1,94,81
C1_FAST,71043,soldier_caught,0,1,0,0,472,8,4.0,464,,,0.8691709637641907,0,1.1260490400175895,0.6877354979515076,1.2179729855984611,465,0,0,463,1,472,464
C1_FAST,71044,intercepted,1,0,0,0,11,9,4.5,2,11.0,5.5,3.7946126461029053,0,1.3076510429382324,1.0121339559555054,1.324262041081608,3,0,0,1,1,11,2
C1_FAST,71045,soldier_caught,0,1,0,0,346,8,4.0,338,,,1.274311900138855,0,1.1605006202527908,1.541062355041504,1.2673325545250937,339,0,0,337,1,346,338
C1_FAST,71046,intercepted,1,0,0,0,197,46,23.0,151,197.0,98.5,9.092357635498047,0,1.1664147124086555,1.4615817070007324,1.2624484118251031,152,0,0,150,1,197,151
C1_FAST,71047,intercepted,1,0,0,0,496,16,8.0,480,496.0,248.0,8.266443252563477,0,1.1161584499255288,1.027178406715393,1.2154940182128005,481,0,0,479,1,496,480
C1_FAST,71048,intercepted,1,0,0,0,18,10,5.0,8,18.0,9.0,3.9719886779785156,0,0.8952775564458635,0.709795355796814,0.9692545424427916,9,0,0,7,1,18,8
C1_FAST,71049,intercepted,1,0,0,0,22,8,4.0,14,22.0,11.0,12.275178909301758,0,0.9886091311772665,1.2760695219039917,1.0419389105285484,15,0,0,13,1,22,14
C1_FAST,71050,intercepted,1,0,0,0,523,44,22.0,479,523.0,261.5,5.712660312652588,0,1.1574597555678339,0.37004998326301575,1.2603421289410925,480,0,0,478,1,523,479
C1_FAST,71051,intercepted,1,0,0,0,43,9,4.5,34,43.0,21.5,5.096573352813721,0,1.1531397891896111,0.6261082887649536,1.2288140785071398,35,0,0,33,1,43,34
C1_FAST,71052,intercepted,1,0,0,0,67,15,7.5,52,67.0,33.5,9.985013961791992,0,1.1440470252396926,0.9208593964576721,1.2375554899861791,53,0,0,51,1,67,52
C1_FAST,71053,intercepted,1,0,0,0,59,10,5.0,49,59.0,29.5,5.7391533851623535,0,1.0047217318415642,0.44017815589904785,1.1161142101632797,50,0,0,48,1,59,49
C1_FAST,71054,intercepted,1,0,0,0,12,10,5.0,2,12.0,6.0,5.349129676818848,0,1.2375321785608928,1.5683554410934448,1.3321136791380865,3,0,0,1,1,12,2
C1_FAST,71055,intercepted,1,0,0,0,9,7,3.5,2,9.0,4.5,5.504883289337158,0,1.1282857259114583,1.1806676387786865,1.129472938624622,3,0,0,1,1,9,2
C1_FAST,71056,intercepted,1,0,0,0,222,20,10.0,202,222.0,111.0,10.754607200622559,0,1.1181674518902314,0.6564380526542664,1.203156784193267,203,0,0,201,1,222,202
C1_FAST,71057,intercepted,1,0,0,0,97,13,6.5,84,97.0,48.5,2.571275234222412,0,1.0024790031068465,1.0791655778884888,1.0747658928074328,85,0,0,83,1,97,84
C1_FAST,71058,intercepted,1,0,0,0,196,14,7.0,182,196.0,98.0,7.551761150360107,0,1.1584137487606925,0.5556348562240601,1.2625157087216874,183,0,0,181,1,196,182
C1_FAST,71059,intercepted,1,0,0,0,312,14,7.0,298,312.0,156.0,7.506017684936523,0,1.097677581386024,1.3217082023620605,1.1986853435795723,299,0,0,297,1,312,298
C1_FAST,71060,intercepted,1,0,0,0,250,11,5.5,239,250.0,125.0,2.922602653503418,0,1.1285441832616925,1.179519534111023,1.222429705183676,240,0,0,238,1,250,239
C1_FAST,71061,soldier_caught,0,1,0,0,133,8,4.0,125,,,1.98154616355896,0,1.132519359389941,1.0516033172607422,1.249179174814158,126,0,0,124,1,133,125
C1_FAST,71062,intercepted,1,0,0,0,142,9,4.5,133,142.0,71.0,5.3635573387146,0,1.0689379095252771,0.5494526624679565,1.1716163567672226,134,0,0,132,1,142,133
C1_FAST,71063,intercepted,1,0,0,0,10,8,4.0,2,10.0,5.0,4.4181437492370605,0,1.1001604596773784,1.2836285829544067,1.1694051348451784,3,0,0,1,1,10,2
C1_FAST,71064,soldier_caught,0,1,0,0,255,14,7.0,241,,,0.6484005451202393,0,1.1210509591605053,1.357059359550476,1.2307588006620527,242,0,0,240,1,255,241
C1_FAST,71065,intercepted,1,0,0,0,326,8,4.0,318,326.0,163.0,4.84335470199585,0,1.1816687347092971,1.2896482944488525,1.2840565387449325,319,0,0,317,1,326,318
C1_FAST,71066,intercepted,1,0,0,0,267,11,5.5,256,267.0,133.5,5.134528160095215,0,1.123977744422766,1.7155612707138062,1.2202500034220511,257,0,0,255,1,267,256
C1_FAST,71067,soldier_caught,0,1,0,0,360,9,4.5,351,,,1.977489948272705,0,1.128476148259572,0.32849785685539246,1.2304944885007274,352,0,0,350,1,360,351
C1_FAST,71068,intercepted,1,0,0,0,375,45,22.5,330,375.0,187.5,5.151561260223389,0,1.1065114748261846,0.6001046299934387,1.2031305505065935,331,0,0,329,1,375,330
C1_FAST,71069,intercepted,1,0,0,0,94,11,5.5,83,94.0,47.0,5.067063331604004,0,1.0175164487390291,0.6886074542999268,1.1020935137305972,84,0,0,82,1,94,83
C1_FAST,71070,intercepted,1,0,0,0,389,21,10.5,368,389.0,194.5,7.132985591888428,0,1.154445338398622,1.2201449871063232,1.2598950053335887,369,0,0,366,2,389,368
C1_FAST,71071,soldier_caught,0,1,0,0,12,10,5.0,2,,,1.8535982370376587,0,1.0512883464495342,0.950163722038269,1.0870619161978305,3,0,0,1,1,12,2
C1_FAST,71072,intercepted,1,0,0,0,542,14,7.0,528,542.0,271.0,5.422081470489502,0,1.110767364445616,1.2499895095825195,1.2060053257559245,529,0,0,527,1,542,528
C1_FAST,71073,intercepted,1,0,0,0,25,14,7.0,11,25.0,12.5,2.2667384147644043,0,0.8423615942398707,0.7168939113616943,0.9246730628780265,12,0,0,10,1,25,11
C1_FAST,71074,intercepted,1,0,0,0,300,21,10.5,279,300.0,150.0,8.629749298095703,0,1.1162611181714706,0.7376938462257385,1.2100021073292522,280,0,0,278,1,300,279
C1_FAST,71075,intercepted,1,0,0,0,355,9,4.5,346,355.0,177.5,5.039798736572266,0,1.1674831427998777,0.9792907238006592,1.2712146014645522,347,0,0,345,1,355,346
C1_FAST,71076,intercepted,1,0,0,0,28,9,4.5,19,28.0,14.0,6.182063579559326,0,1.205982756614685,1.0070587396621704,1.2836859147780748,20,0,0,18,1,28,19
C1_FAST,71077,soldier_caught,0,1,0,0,220,8,4.0,212,,,1.9673675298690796,0,1.1056037260822846,1.9977033138275146,1.211680993469379,213,0,0,211,1,220,212
C1_FAST,71078,intercepted,1,0,0,0,107,9,4.5,98,107.0,53.5,3.936516046524048,0,1.0814250457768488,0.8677611947059631,1.1890873312327241,99,0,0,97,1,107,98
C1_FAST,71079,intercepted,1,0,0,0,180,15,7.5,165,180.0,90.0,5.555676460266113,0,1.1469349274972835,1.5159454345703125,1.2338888442517153,166,0,0,164,1,180,165
C1_FAST,71080,intercepted,1,0,0,0,900,12,6.0,888,900.0,450.0,6.211043357849121,0,1.1529058123550078,0.9180701971054077,1.2534018994242817,889,0,0,887,1,900,888
C1_FAST,71081,intercepted,1,0,0,0,86,10,5.0,76,86.0,43.0,11.05406379699707,0,1.094631945545023,0.9183539152145386,1.2045426271176785,77,0,0,75,1,86,76
C1_FAST,71082,intercepted,1,0,0,0,268,35,17.5,233,268.0,134.0,7.220021724700928,0,1.1138546957164748,0.5593692064285278,1.200767534547643,234,0,0,232,1,268,233
C1_FAST,71083,soldier_caught,0,1,0,0,126,14,7.0,112,,,0.9210039377212524,0,1.1484645491680212,1.3564221858978271,1.2421879577643888,113,0,0,111,1,126,112
C1_FAST,71084,intercepted,1,0,0,0,749,14,7.0,735,749.0,374.5,7.706515312194824,0,1.136185306954481,2.292118787765503,1.233776538629572,736,0,0,734,1,749,735
C1_FAST,71085,intercepted,1,0,0,0,150,9,4.5,141,150.0,75.0,9.394549369812012,0,1.1447917031465282,2.077439546585083,1.2341559670143563,142,0,0,140,1,150,141
C1_FAST,71086,soldier_caught,0,1,0,0,86,33,16.5,53,,,1.753669023513794,0,1.1045473931978147,1.6595463752746582,1.22651114481731,54,0,0,52,1,86,53
C1_FAST,71087,intercepted,1,0,0,0,25,9,4.5,16,25.0,12.5,4.6588897705078125,0,1.1198456918492037,0.6313358545303345,1.2457184271148734,17,0,0,15,1,25,16
C1_FAST,71088,soldier_caught,0,1,0,0,82,37,18.5,45,,,1.1663812398910522,0,1.0922372794669608,1.4475396871566772,1.1839405080139773,46,0,0,44,1,82,45
C1_FAST,71089,intercepted,1,0,0,0,43,12,6.0,31,43.0,21.5,9.763132095336914,0,1.0431656558066607,1.3684604167938232,1.103595314818472,32,0,0,30,1,43,31
C1_FAST,71090,soldier_caught,0,1,0,0,136,14,7.0,122,,,0.4833243787288666,0,1.0944089701747506,0.8923642635345459,1.1819725130666294,123,0,0,121,1,136,122
C1_FAST,71091,intercepted,1,0,0,0,9,7,3.5,2,9.0,4.5,5.777123928070068,0,0.7301122546195984,0.4526781439781189,0.7940999931087565,3,0,0,1,1,9,2
C1_FAST,71092,intercepted,1,0,0,0,215,9,4.5,206,215.0,107.5,6.8714680671691895,0,1.1185301236340388,1.9215022325515747,1.226399666195239,207,0,0,205,1,215,206
C1_FAST,71093,intercepted,1,0,0,0,12,10,5.0,2,12.0,6.0,4.784893989562988,0,0.8993695676326752,0.25470036268234253,1.1921385821240322,3,0,0,1,1,12,2
C1_FAST,71094,intercepted,1,0,0,0,369,11,5.5,358,369.0,184.5,6.523353576660156,0,1.1169810811457195,1.0524516105651855,1.2098590708004922,359,0,0,357,1,369,358
C1_FAST,71095,intercepted,1,0,0,0,233,61,30.5,172,233.0,116.5,9.371866226196289,0,1.1235197294137382,1.5679302215576172,1.2327185616624439,173,0,0,171,1,233,172
C1_FAST,71096,intercepted,1,0,0,0,476,10,5.0,466,476.0,238.0,2.018237829208374,0,1.122456231802638,0.9661995768547058,1.2133825705354617,467,0,0,465,1,476,466
C1_FAST,71097,intercepted,1,0,0,0,190,125,62.5,65,190.0,95.0,6.381376266479492,0,1.1633565060117028,1.3026989698410034,1.2482702502388805,66,0,0,64,1,190,65
C1_FAST,71098,intercepted,1,0,0,0,158,12,6.0,146,158.0,79.0,4.005680561065674,0,1.1232063458079384,1.6047585010528564,1.2319775628341523,147,0,0,145,1,158,146
C1_FAST,71099,intercepted,1,0,0,0,12,10,5.0,2,12.0,6.0,6.606436729431152,0,1.0879775683085124,1.099931240081787,1.0896984896452095,3,0,0,1,1,12,2
C4_LONG,71030,soldier_caught,0,1,0,0,101,14,7.0,87,,,1.4846309423446655,0,1.1604414575479247,0.9189333915710449,1.282409541451177,88,0,0,86,1,101,87
C4_LONG,71031,soldier_caught,0,1,0,0,711,18,9.0,693,,,0.7380654811859131,0,1.1186542775084718,1.2577552795410156,1.2177402882326347,694,0,0,692,1,711,693
C4_LONG,71032,intercepted,1,0,0,0,26,12,6.0,14,26.0,13.0,7.783759117126465,0,1.1790017485618591,1.2149335145950317,1.267644530840319,15,0,0,13,1,26,14
C4_LONG,71033,soldier_caught,0,1,0,0,882,8,4.0,874,,,1.0448721647262573,0,1.1261250648157937,0.7044926285743713,1.220170220780218,875,0,0,873,1,882,874
C4_LONG,71034,intercepted,1,0,0,0,108,34,17.0,74,108.0,54.0,7.409797668457031,0,1.079870774745941,0.7143546342849731,1.157938380412894,75,0,0,73,1,108,74
C4_LONG,71035,soldier_caught,0,1,0,0,309,12,6.0,297,,,1.946120262145996,0,1.1312633782575194,1.374924659729004,1.2219965244125925,298,0,0,296,1,309,297
C4_LONG,71036,soldier_caught,0,1,0,0,130,9,4.5,121,,,1.9812686443328857,0,1.092590147415634,0.7637653350830078,1.1958946689586496,122,0,0,120,1,130,121
C4_LONG,71037,soldier_caught,0,1,0,0,237,15,7.5,222,,,1.5053163766860962,0,1.1308127232062977,1.2574516534805298,1.219866315283921,223,0,0,221,1,237,222
C4_LONG,71038,intercepted,1,0,0,0,804,12,6.0,792,804.0,402.0,2.1502206325531006,0,1.1439678216303732,0.7019709944725037,1.236504339829981,793,0,0,791,1,804,792
C4_LONG,71039,intercepted,1,0,0,0,65,11,5.5,54,65.0,32.5,2.1147754192352295,0,1.0807706349952655,1.2514135837554932,1.1639610146165007,55,0,0,53,1,65,54
C4_LONG,71040,intercepted,1,0,0,0,53,11,5.5,42,53.0,26.5,3.1325607299804688,0,1.1854714245297189,1.527845859527588,1.2612373604203386,43,0,0,41,1,53,42
C4_LONG,71041,soldier_caught,0,1,0,0,495,12,6.0,483,,,1.0431708097457886,0,1.1138658780866295,0.8402016162872314,1.2076300860679288,484,0,0,482,1,495,483
C4_LONG,71042,intercepted,1,0,0,0,480,13,6.5,467,480.0,240.0,2.3251523971557617,0,1.1256179835838385,1.9384801387786865,1.2233170835268579,468,0,0,466,1,480,467
C4_LONG,71043,intercepted,1,0,0,0,10,8,4.0,2,10.0,5.0,5.495292663574219,0,1.1947796543439229,1.53218412399292,1.2378881015863934,3,0,0,1,1,10,2
C4_LONG,71044,soldier_caught,0,1,0,0,539,9,4.5,530,,,1.7080472707748413,0,1.1716411257278447,1.2089041471481323,1.2608549050785731,531,0,0,529,1,539,530
C4_LONG,71045,soldier_caught,0,1,0,0,497,8,4.0,489,,,1.8126986026763916,0,1.1469128688835368,1.5096850395202637,1.2523884385272441,490,0,0,488,1,497,489
C4_LONG,71046,soldier_caught,0,1,0,0,730,46,23.0,684,,,1.2033792734146118,0,1.1568958548951322,0.7773568034172058,1.2476409447775656,685,0,0,683,1,730,684
C4_LONG,71047,intercepted,1,0,0,0,463,16,8.0,447,463.0,231.5,10.749478340148926,0,1.11564494704362,1.1150673627853394,1.2148248579806138,448,0,0,446,1,463,447
C4_LONG,71048,soldier_caught,0,1,0,0,1439,10,5.0,1429,,,1.8285784721374512,0,1.1205357478996674,0.7091004252433777,1.2182827152213505,1430,0,0,1428,1,1439,1429
C4_LONG,71049,intercepted,1,0,0,0,12,8,4.0,4,12.0,6.0,12.275178909301758,0,0.8884853959083557,0.630663275718689,0.9663287305978714,5,0,0,3,1,12,4
C4_LONG,71050,intercepted,1,0,0,0,292,44,22.0,248,292.0,146.0,5.693663597106934,0,1.1649634189395062,0.7776230573654175,1.2624675665316227,249,0,0,247,1,292,248
C4_LONG,71051,soldier_caught,0,1,0,0,140,9,4.5,131,,,1.7118632793426514,0,1.0810401782845005,0.8921281695365906,1.1650387047240909,132,0,0,130,1,140,131
C4_LONG,71052,intercepted,1,0,0,0,303,15,7.5,288,303.0,151.5,5.073205471038818,0,1.1422627414335016,0.7122038006782532,1.2328135146979147,289,0,0,287,1,303,288
C4_LONG,71053,intercepted,1,0,0,0,12,10,5.0,2,12.0,6.0,6.346135139465332,0,1.0316892266273499,1.4170094728469849,1.0973776313596224,3,0,0,1,1,12,2
C4_LONG,71054,intercepted,1,0,0,0,12,10,5.0,2,12.0,6.0,5.305348873138428,0,1.2375321785608928,1.5683554410934448,1.3321136791380865,3,0,0,1,1,12,2
C4_LONG,71055,intercepted,1,0,0,0,534,7,3.5,527,534.0,267.0,3.453803062438965,0,1.1618447850571212,1.1143189668655396,1.263930610521953,528,0,0,526,1,534,527
C4_LONG,71056,soldier_caught,0,1,0,0,515,20,10.0,495,,,1.5653374195098877,0,1.1088500093488443,1.034583568572998,1.200012677271767,496,0,0,494,1,515,495
C4_LONG,71057,intercepted,1,0,0,0,950,13,6.5,937,950.0,475.0,2.531832695007324,0,1.1166240317798626,0.40709108114242554,1.2067240134592987,938,0,0,936,1,950,937
C4_LONG,71058,intercepted,1,0,0,0,17,14,7.0,3,17.0,8.5,10.94129467010498,0,1.4846414178609848,1.0423842668533325,1.6435158031133934,4,0,0,2,1,17,3
C4_LONG,71059,intercepted,1,0,0,0,316,14,7.0,302,316.0,158.0,7.226202011108398,0,1.096242295092482,1.4228941202163696,1.1980356473184806,303,0,0,301,1,316,302
C4_LONG,71060,soldier_caught,0,1,0,0,220,11,5.5,209,,,1.645205020904541,0,1.1456389691148485,1.5236355066299438,1.2361154048985254,210,0,0,208,1,220,209
C4_LONG,71061,soldier_caught,0,1,0,0,175,8,4.0,167,,,1.4667507410049438,0,1.150523976023708,1.4949349164962769,1.2533575542534459,168,0,0,166,1,175,167
C4_LONG,71062,intercepted,1,0,0,0,106,9,4.5,97,106.0,53.0,9.251731872558594,0,1.1101092706833566,1.3464103937149048,1.2130768682572082,98,0,0,96,1,106,97
C4_LONG,71063,soldier_caught,0,1,0,0,11,8,4.0,3,,,1.8794621229171753,0,0.9753846675157547,0.6010572910308838,1.0563847517959772,4,0,0,2,1,11,3
C4_LONG,71064,intercepted,1,0,0,0,16,14,7.0,2,16.0,8.0,5.71351957321167,0,1.2027189334233601,1.1538589000701904,1.278090755359016,3,0,0,1,1,16,2
C4_LONG,71065,soldier_caught,0,1,0,0,438,8,4.0,430,,,0.6412422060966492,0,1.1734874287572647,0.7112014889717102,1.276798298417168,431,0,0,429,1,438,430
C4_LONG,71066,intercepted,1,0,0,0,13,11,5.5,2,13.0,6.5,5.97791862487793,0,1.033186395963033,0.9228726029396057,1.051211058276064,3,0,0,1,1,13,2
C4_LONG,71067,soldier_caught,0,1,0,0,360,9,4.5,351,,,0.8837690353393555,0,1.1284761440262876,0.32849785685539246,1.230494481919635,352,0,0,350,1,360,351
C4_LONG,71068,intercepted,1,0,0,0,1131,45,22.5,1086,1131.0,565.5,3.5549213886260986,0,1.1143658509496823,1.320582628250122,1.2099844961208788,1087,0,0,1085,1,1131,1086
C4_LONG,71069,intercepted,1,0,0,0,391,11,5.5,380,391.0,195.5,4.225600242614746,0,1.1132933278018096,0.9442280530929565,1.2002714326957493,381,0,0,379,1,391,380
C4_LONG,71070,soldier_caught,0,1,0,0,566,21,10.5,545,,,1.6802053451538086,0,1.150602300320462,1.0607424974441528,1.2501656055046022,546,0,0,543,2,566,545
C4_LONG,71071,soldier_caught,0,1,0,0,12,10,5.0,2,,,1.9921892881393433,0,1.0512883464495342,0.950163722038269,1.0870619161978305,3,0,0,1,1,12,2
C4_LONG,71072,soldier_caught,0,1,0,0,874,14,7.0,860,,,1.0934877395629883,0,1.1135826699098228,0.8406521081924438,1.2083528756555666,861,0,0,859,1,874,860
C4_LONG,71073,intercepted,1,0,0,0,26,14,7.0,12,26.0,13.0,2.205878973007202,0,0.8478575853201059,0.9138091206550598,0.9238419332690153,13,0,0,11,1,26,12
C4_LONG,71074,intercepted,1,0,0,0,82,21,10.5,61,82.0,41.0,7.601004600524902,0,1.1999964872675557,0.710312008857727,1.2958830258190857,62,0,0,60,1,82,61
C4_LONG,71075,soldier_caught,0,1,0,0,461,9,4.5,452,,,1.8458757400512695,0,1.1574202468721546,1.6221449375152588,1.2600483111174423,453,0,0,451,1,461,452
C4_LONG,71076,timeout,0,0,0,1,2000,9,4.5,1991,,,2.6495680809020996,0,1.1239398832070122,0.39240872859954834,1.2227350145383533,1992,0,0,1989,2,2000,1991
C4_LONG,71077,soldier_caught,0,1,0,0,605,8,4.0,597,,,1.0497729778289795,0,1.13369522902828,0.8232948780059814,1.2388117786382749,598,0,0,596,1,605,597
C4_LONG,71078,intercepted,1,0,0,0,11,9,4.5,2,11.0,5.5,3.6786413192749023,0,1.0188141465187073,0.9978486895561218,1.025025372229508,3,0,0,1,1,11,2
C4_LONG,71079,intercepted,1,0,0,0,567,15,7.5,552,567.0,283.5,3.4148802757263184,0,1.1343142495475453,0.1440955400466919,1.230857312974308,553,0,0,551,1,567,552
C4_LONG,71080,intercepted,1,0,0,0,881,12,6.0,869,881.0,440.5,6.959652423858643,0,1.150160849993599,2.512924909591675,1.2508634386619455,870,0,0,868,1,881,869
C4_LONG,71081,soldier_caught,0,1,0,0,255,10,5.0,245,,,1.1987357139587402,0,1.1205012549956639,1.2759581804275513,1.218765810608106,246,0,0,244,1,255,245
C4_LONG,71082,intercepted,1,0,0,0,1477,35,17.5,1442,1477.0,738.5,2.2558515071868896,0,1.150934054740212,1.0271670818328857,1.2443052814704783,1443,0,0,1441,1,1477,1442
C4_LONG,71083,intercepted,1,0,0,0,573,14,7.0,559,573.0,286.5,2.5688955783843994,0,1.096546752498086,1.634536862373352,1.1909831002310929,560,0,0,558,1,573,559
C4_LONG,71084,intercepted,1,0,0,0,1043,14,7.0,1029,1043.0,521.5,5.7407121658325195,0,1.1337204859094712,0.6448873281478882,1.2305854596561099,1030,0,0,1028,1,1043,1029
C4_LONG,71085,intercepted,1,0,0,0,1241,9,4.5,1232,1241.0,620.5,2.3581631183624268,0,1.136017078955243,1.5462452173233032,1.2333532088670105,1233,0,0,1231,1,1241,1232
C4_LONG,71086,soldier_caught,0,1,0,0,65,33,16.5,32,,,1.5474746227264404,0,1.1442669386213475,0.2912670075893402,1.2413278522303786,33,0,0,31,1,65,32
C4_LONG,71087,intercepted,1,0,0,0,71,9,4.5,62,71.0,35.5,3.5478951930999756,0,1.2060318073583027,0.7112409472465515,1.2848435780448175,63,0,0,61,1,71,62
C4_LONG,71088,soldier_caught,0,1,0,0,82,37,18.5,45,,,0.1824234426021576,0,1.0922373053820238,1.4475396871566772,1.1839405171113682,46,0,0,44,1,82,45
C4_LONG,71089,timeout,0,0,0,1,2000,12,6.0,1988,,,2.4943602085113525,0,1.1350120560604613,1.3426305055618286,1.2304849850185666,1989,0,0,1987,1,2000,1988
C4_LONG,71090,soldier_caught,0,1,0,0,197,14,7.0,183,,,0.7431055307388306,0,1.0844841905586098,0.42696109414100647,1.1830737043113733,184,0,0,182,1,197,183
C4_LONG,71091,intercepted,1,0,0,0,9,7,3.5,2,9.0,4.5,5.780019760131836,0,0.7301122546195984,0.4526781439781189,0.7940999931087565,3,0,0,1,1,9,2
C4_LONG,71092,intercepted,1,0,0,0,17,9,4.5,8,17.0,8.5,6.619213581085205,0,1.2468854784965515,1.223284363746643,1.3494275377468823,9,0,0,7,1,17,8
C4_LONG,71093,intercepted,1,0,0,0,12,10,5.0,2,12.0,6.0,4.788957118988037,0,0.8993695676326752,0.25470036268234253,1.1921385821240322,3,0,0,1,1,12,2
C4_LONG,71094,intercepted,1,0,0,0,141,11,5.5,130,141.0,70.5,6.504217147827148,0,1.1166984589045283,0.7648693323135376,1.2070963906036696,131,0,0,129,1,141,130
C4_LONG,71095,intercepted,1,0,0,0,216,61,30.5,155,216.0,108.0,9.712393760681152,0,1.102526266223345,1.3016103506088257,1.2116436006097,156,0,0,154,1,216,155
C4_LONG,71096,soldier_caught,0,1,0,0,447,10,5.0,437,,,1.023644208908081,0,1.1281544048696348,0.9246429800987244,1.21924628227362,438,0,0,436,1,447,437
C4_LONG,71097,soldier_caught,0,1,0,0,1333,125,62.5,1208,,,1.9565348625183105,0,1.1411176378244798,1.3816683292388916,1.2428711206052863,1209,0,0,1205,3,1333,1208
C4_LONG,71098,intercepted,1,0,0,0,678,12,6.0,666,678.0,339.0,2.1577115058898926,0,1.142317823116211,1.2854599952697754,1.2376037451510007,667,0,0,665,1,678,666
C4_LONG,71099,soldier_caught,0,1,0,0,104,10,5.0,94,,,0.6245237588882446,0,1.11194530286287,0.9367557764053345,1.1994398775603217,95,0,0,93,1,104,94
