sweep,condition_label,condition_value_1,condition_value_2,is_nominal,method,method_role,success_rate,ci_low,ci_high,between_seed_sd,lr_minus_lead_pp,lr_minus_lead_ci_low,lr_minus_lead_ci_high,lr_minus_ppo_pp,lr_minus_ppo_ci_low,lr_minus_ppo_ci_high
detection_radius,5,5.0,,False,greedy,classical_reference_baseline,0.619,0.5885,0.64859,,,,,,,
detection_radius,5,5.0,,False,lead,strong_predictive_analytical_nominal_controller,0.687,0.65759,0.714979,,,,,,,
detection_radius,5,5.0,,False,lr_ppo,proposed_hybrid_method,0.696333,0.668,0.725667,0.008179,0.9333,-1.0667,2.9,7.3667,3.1992,12.0333
detection_radius,5,5.0,,False,pn,classical_guidance_baseline,0.606,0.575364,0.635824,,,,,,,
detection_radius,5,5.0,,False,ppo,pure_end_to_end_learning_baseline,0.622667,0.573667,0.667667,0.034257,,,,,,
detection_radius,5,5.0,,False,ppo_kalman,estimator_ablation_diagnostic_not_coequal,0.597333,0.567667,0.626675,0.009177,,,,,,
detection_radius,10,10.0,,False,greedy,classical_reference_baseline,0.711,0.68214,0.738246,,,,,,,
detection_radius,10,10.0,,False,lead,strong_predictive_analytical_nominal_controller,0.783,0.756395,0.807439,,,,,,,
detection_radius,10,10.0,,False,lr_ppo,proposed_hybrid_method,0.824667,0.801,0.847667,0.006848,4.1667,2.1,6.3,2.0,-2.0,6.6667
detection_radius,10,10.0,,False,pn,classical_guidance_baseline,0.696,0.666785,0.723715,,,,,,,
detection_radius,10,10.0,,False,ppo,pure_end_to_end_learning_baseline,0.804667,0.759,0.844008,0.033639,,,,,,
detection_radius,10,10.0,,False,ppo_kalman,estimator_ablation_diagnostic_not_coequal,0.772667,0.731,0.809,0.028535,,,,,,
detection_radius,15,15.0,,True,greedy,classical_reference_baseline,0.79,0.763669,0.814111,,,,,,,
detection_radius,15,15.0,,True,lead,strong_predictive_analytical_nominal_controller,0.874,0.85199,0.893147,,,,,,,
detection_radius,15,15.0,,True,lr_ppo,proposed_hybrid_method,0.895333,0.875658,0.914667,0.009534,2.1333,-0.1,4.3675,2.9333,-0.6667,7.2333
detection_radius,15,15.0,,True,pn,classical_guidance_baseline,0.763,0.735668,0.788319,,,,,,,
detection_radius,15,15.0,,True,ppo,pure_end_to_end_learning_baseline,0.866,0.826,0.898333,0.029017,,,,,,
detection_radius,15,15.0,,True,ppo_kalman,estimator_ablation_diagnostic_not_coequal,0.836333,0.774,0.881667,0.047619,,,,,,
detection_radius,20,20.0,,False,greedy,classical_reference_baseline,0.793,0.76679,0.816967,,,,,,,
detection_radius,20,20.0,,False,lead,strong_predictive_analytical_nominal_controller,0.898,0.877693,0.915261,,,,,,,
detection_radius,20,20.0,,False,lr_ppo,proposed_hybrid_method,0.917667,0.902,0.933,0.006018,1.9667,-0.1667,4.1667,2.4,-1.0,5.9333
detection_radius,20,20.0,,False,pn,classical_guidance_baseline,0.767,0.739807,0.792149,,,,,,,
detection_radius,20,20.0,,False,ppo,pure_end_to_end_learning_baseline,0.893667,0.860333,0.925,0.025421,,,,,,
detection_radius,20,20.0,,False,ppo_kalman,estimator_ablation_diagnostic_not_coequal,0.853333,0.811,0.887342,0.031351,,,,,,
detection_radius,25,25.0,,False,greedy,classical_reference_baseline,0.768,0.740842,0.793107,,,,,,,
detection_radius,25,25.0,,False,lead,strong_predictive_analytical_nominal_controller,0.863,0.840295,0.882927,,,,,,,
detection_radius,25,25.0,,False,lr_ppo,proposed_hybrid_method,0.907667,0.891667,0.923,0.003859,4.4667,2.3667,6.6,1.1667,-2.6,5.7667
detection_radius,25,25.0,,False,pn,classical_guidance_baseline,0.772,0.744985,0.796933,,,,,,,
detection_radius,25,25.0,,False,ppo,pure_end_to_end_learning_baseline,0.896,0.850333,0.932,0.034728,,,,,,
detection_radius,25,25.0,,False,ppo_kalman,estimator_ablation_diagnostic_not_coequal,0.860333,0.821,0.894,0.02917,,,,,,
detection_radius,30,30.0,,False,greedy,classical_reference_baseline,0.799,0.773039,0.822673,,,,,,,
detection_radius,30,30.0,,False,lead,strong_predictive_analytical_nominal_controller,0.892,0.871241,0.909759,,,,,,,
detection_radius,30,30.0,,False,lr_ppo,proposed_hybrid_method,0.904,0.886658,0.920667,0.006976,1.2,-1.0008,3.4333,2.3333,-2.1333,7.5
detection_radius,30,30.0,,False,pn,classical_guidance_baseline,0.754,0.726368,0.779688,,,,,,,
detection_radius,30,30.0,,False,ppo,pure_end_to_end_learning_baseline,0.880667,0.831667,0.923,0.039203,,,,,,
detection_radius,30,30.0,,False,ppo_kalman,estimator_ablation_diagnostic_not_coequal,0.845667,0.807333,0.88,0.028241,,,,,,
hostile_evasion,0,0.0,,False,greedy,classical_reference_baseline,0.756,0.728434,0.781607,,,,,,,
hostile_evasion,0,0.0,,False,lead,strong_predictive_analytical_nominal_controller,0.846,0.822308,0.867044,,,,,,,
hostile_evasion,0,0.0,,False,lr_ppo,proposed_hybrid_method,0.878667,0.857667,0.898667,0.008731,3.2667,1.2333,5.2,-1.5,-3.8333,0.9
hostile_evasion,0,0.0,,False,pn,classical_guidance_baseline,0.744,0.716053,0.77008,,,,,,,
hostile_evasion,0,0.0,,False,ppo,pure_end_to_end_learning_baseline,0.893667,0.871,0.914,0.011264,,,,,,
hostile_evasion,0,0.0,,False,ppo_kalman,estimator_ablation_diagnostic_not_coequal,0.855333,0.804,0.895333,0.038526,,,,,,
hostile_evasion,0.25,0.25,,False,greedy,classical_reference_baseline,0.783,0.756395,0.807439,,,,,,,
hostile_evasion,0.25,0.25,,False,lead,strong_predictive_analytical_nominal_controller,0.874,0.85199,0.893147,,,,,,,
hostile_evasion,0.25,0.25,,False,lr_ppo,proposed_hybrid_method,0.886,0.867667,0.903667,0.004967,1.2,-0.7,3.1667,-1.0667,-3.6333,1.7
hostile_evasion,0.25,0.25,,False,pn,classical_guidance_baseline,0.779,0.752243,0.803622,,,,,,,
hostile_evasion,0.25,0.25,,False,ppo,pure_end_to_end_learning_baseline,0.896667,0.87,0.92,0.01654,,,,,,
hostile_evasion,0.25,0.25,,False,ppo_kalman,estimator_ablation_diagnostic_not_coequal,0.865333,0.818,0.902667,0.035226,,,,,,
hostile_evasion,0.5,0.5,,False,greedy,classical_reference_baseline,0.774,0.747058,0.798845,,,,,,,
hostile_evasion,0.5,0.5,,False,lead,strong_predictive_analytical_nominal_controller,0.875,0.853056,0.894074,,,,,,,
hostile_evasion,0.5,0.5,,False,lr_ppo,proposed_hybrid_method,0.882,0.862,0.900342,0.007483,0.7,-1.4,2.8333,-1.9667,-4.8667,1.1333
hostile_evasion,0.5,0.5,,False,pn,classical_guidance_baseline,0.764,0.736703,0.789277,,,,,,,
hostile_evasion,0.5,0.5,,False,ppo,pure_end_to_end_learning_baseline,0.901667,0.872,0.926342,0.019568,,,,,,
hostile_evasion,0.5,0.5,,False,ppo_kalman,estimator_ablation_diagnostic_not_coequal,0.859,0.811,0.896,0.036175,,,,,,
hostile_evasion,0.75,0.75,,True,greedy,classical_reference_baseline,0.777,0.750168,0.801712,,,,,,,
hostile_evasion,0.75,0.75,,True,lead,strong_predictive_analytical_nominal_controller,0.873,0.850925,0.89222,,,,,,,
hostile_evasion,0.75,0.75,,True,lr_ppo,proposed_hybrid_method,0.901333,0.885,0.917,0.002357,2.8333,0.7667,4.9,2.4667,-1.3,6.7333
hostile_evasion,0.75,0.75,,True,pn,classical_guidance_baseline,0.77,0.742913,0.79502,,,,,,,
hostile_evasion,0.75,0.75,,True,ppo,pure_end_to_end_learning_baseline,0.876667,0.834667,0.911667,0.031255,,,,,,
hostile_evasion,0.75,0.75,,True,ppo_kalman,estimator_ablation_diagnostic_not_coequal,0.847,0.811,0.878333,0.025153,,,,,,
hostile_evasion,1,1.0,,False,greedy,classical_reference_baseline,0.791,0.76471,0.815063,,,,,,,
hostile_evasion,1,1.0,,False,lead,strong_predictive_analytical_nominal_controller,0.868,0.845605,0.887578,,,,,,,
hostile_evasion,1,1.0,,False,lr_ppo,proposed_hybrid_method,0.902,0.885667,0.918,0.003559,3.4,1.3,5.5,5.8667,3.1325,8.4667
hostile_evasion,1,1.0,,False,pn,classical_guidance_baseline,0.76,0.732567,0.785443,,,,,,,
hostile_evasion,1,1.0,,False,ppo,pure_end_to_end_learning_baseline,0.843333,0.818667,0.868667,0.014974,,,,,,
hostile_evasion,1,1.0,,False,ppo_kalman,estimator_ablation_diagnostic_not_coequal,0.82,0.792,0.847,0.017682,,,,,,
maneuverability,4|45,4.0,45.0,False,greedy,classical_reference_baseline,0.609,0.578394,0.638772,,,,,,,
maneuverability,4|45,4.0,45.0,False,lead,strong_predictive_analytical_nominal_controller,0.63,0.599632,0.659373,,,,,,,
maneuverability,4|45,4.0,45.0,False,lr_ppo,proposed_hybrid_method,0.677333,0.653667,0.701342,0.003859,4.7333,1.6,7.9333,14.4,7.8333,20.0667
maneuverability,4|45,4.0,45.0,False,pn,classical_guidance_baseline,0.547,0.516026,0.577614,,,,,,,
maneuverability,4|45,4.0,45.0,False,ppo,pure_end_to_end_learning_baseline,0.533333,0.478,0.599,0.049533,,,,,,
maneuverability,4|45,4.0,45.0,False,ppo_kalman,estimator_ablation_diagnostic_not_coequal,0.568,0.538333,0.597,0.014306,,,,,,
maneuverability,4|90,4.0,90.0,False,greedy,classical_reference_baseline,0.671,0.641273,0.699418,,,,,,,
maneuverability,4|90,4.0,90.0,False,lead,strong_predictive_analytical_nominal_controller,0.752,0.724304,0.777768,,,,,,,
maneuverability,4|90,4.0,90.0,False,lr_ppo,proposed_hybrid_method,0.752667,0.728,0.776,0.007318,0.0667,-2.7,2.8342,8.4667,4.9,12.1342
maneuverability,4|90,4.0,90.0,False,pn,classical_guidance_baseline,0.648,0.617884,0.676983,,,,,,,
maneuverability,4|90,4.0,90.0,False,ppo,pure_end_to_end_learning_baseline,0.668,0.634333,0.699675,0.019442,,,,,,
maneuverability,4|90,4.0,90.0,False,ppo_kalman,estimator_ablation_diagnostic_not_coequal,0.66,0.623,0.7,0.026733,,,,,,
maneuverability,4|135,4.0,135.0,False,greedy,classical_reference_baseline,0.748,0.720177,0.773925,,,,,,,
maneuverability,4|135,4.0,135.0,False,lead,strong_predictive_analytical_nominal_controller,0.741,0.712962,0.767194,,,,,,,
maneuverability,4|135,4.0,135.0,False,lr_ppo,proposed_hybrid_method,0.779,0.756,0.802,0.005657,3.8,1.3,6.3667,9.7333,5.5325,13.8
maneuverability,4|135,4.0,135.0,False,pn,classical_guidance_baseline,0.652,0.621946,0.680891,,,,,,,
maneuverability,4|135,4.0,135.0,False,ppo,pure_end_to_end_learning_baseline,0.681667,0.643333,0.721333,0.027633,,,,,,
maneuverability,4|135,4.0,135.0,False,ppo_kalman,estimator_ablation_diagnostic_not_coequal,0.698667,0.644,0.759,0.049033,,,,,,
maneuverability,8|45,8.0,45.0,False,greedy,classical_reference_baseline,0.743,0.715022,0.769118,,,,,,,
maneuverability,8|45,8.0,45.0,False,lead,strong_predictive_analytical_nominal_controller,0.778,0.751205,0.802667,,,,,,,
maneuverability,8|45,8.0,45.0,False,lr_ppo,proposed_hybrid_method,0.820667,0.799667,0.841333,0.005249,4.2667,1.5333,7.0,9.6,6.4333,13.0
maneuverability,8|45,8.0,45.0,False,pn,classical_guidance_baseline,0.695,0.665763,0.722745,,,,,,,
maneuverability,8|45,8.0,45.0,False,ppo,pure_end_to_end_learning_baseline,0.724667,0.692333,0.754,0.018856,,,,,,
maneuverability,8|45,8.0,45.0,False,ppo_kalman,estimator_ablation_diagnostic_not_coequal,0.715,0.683,0.745008,0.019305,,,,,,
maneuverability,8|90,8.0,90.0,True,greedy,classical_reference_baseline,0.762,0.734634,0.78736,,,,,,,
maneuverability,8|90,8.0,90.0,True,lead,strong_predictive_analytical_nominal_controller,0.871,0.848796,0.890365,,,,,,,
maneuverability,8|90,8.0,90.0,True,lr_ppo,proposed_hybrid_method,0.890667,0.873,0.907667,0.004643,1.9667,-0.1,4.0333,1.7333,-1.6333,5.8
maneuverability,8|90,8.0,90.0,True,pn,classical_guidance_baseline,0.769,0.741878,0.794064,,,,,,,
maneuverability,8|90,8.0,90.0,True,ppo,pure_end_to_end_learning_baseline,0.873333,0.833658,0.905,0.028593,,,,,,
maneuverability,8|90,8.0,90.0,True,ppo_kalman,estimator_ablation_diagnostic_not_coequal,0.832,0.788658,0.873,0.033596,,,,,,
maneuverability,8|135,8.0,135.0,False,greedy,classical_reference_baseline,0.856,0.832876,0.876399,,,,,,,
maneuverability,8|135,8.0,135.0,False,lead,strong_predictive_analytical_nominal_controller,0.908,0.888491,0.924386,,,,,,,
maneuverability,8|135,8.0,135.0,False,lr_ppo,proposed_hybrid_method,0.923667,0.899,0.944,0.014636,1.5667,-1.0,3.8,7.9667,4.7667,10.9333
maneuverability,8|135,8.0,135.0,False,pn,classical_guidance_baseline,0.829,0.804416,0.851066,,,,,,,
maneuverability,8|135,8.0,135.0,False,ppo,pure_end_to_end_learning_baseline,0.844,0.818,0.869667,0.015895,,,,,,
maneuverability,8|135,8.0,135.0,False,ppo_kalman,estimator_ablation_diagnostic_not_coequal,0.833,0.784,0.871667,0.035693,,,,,,
maneuverability,12|45,12.0,45.0,False,greedy,classical_reference_baseline,0.913,0.893914,0.928926,,,,,,,
maneuverability,12|45,12.0,45.0,False,lead,strong_predictive_analytical_nominal_controller,0.915,0.896087,0.930737,,,,,,,
maneuverability,12|45,12.0,45.0,False,lr_ppo,proposed_hybrid_method,0.909667,0.890667,0.928,0.009843,-0.5333,-2.5333,1.4667,5.5333,1.9,9.8
maneuverability,12|45,12.0,45.0,False,pn,classical_guidance_baseline,0.816,0.79079,0.838791,,,,,,,
maneuverability,12|45,12.0,45.0,False,ppo,pure_end_to_end_learning_baseline,0.854333,0.813333,0.887675,0.029937,,,,,,
maneuverability,12|45,12.0,45.0,False,ppo_kalman,estimator_ablation_diagnostic_not_coequal,0.799667,0.773667,0.825,0.014522,,,,,,
maneuverability,12|90,12.0,90.0,False,greedy,classical_reference_baseline,0.946,0.930208,0.958379,,,,,,,
maneuverability,12|90,12.0,90.0,False,lead,strong_predictive_analytical_nominal_controller,0.955,0.940317,0.9662,,,,,,,
maneuverability,12|90,12.0,90.0,False,lr_ppo,proposed_hybrid_method,0.952333,0.935333,0.967333,0.009177,-0.2667,-1.8,1.1667,12.0333,8.3,16.6333
maneuverability,12|90,12.0,90.0,False,pn,classical_guidance_baseline,0.882,0.860528,0.900548,,,,,,,
maneuverability,12|90,12.0,90.0,False,ppo,pure_end_to_end_learning_baseline,0.832,0.788,0.868667,0.033297,,,,,,
maneuverability,12|90,12.0,90.0,False,ppo_kalman,estimator_ablation_diagnostic_not_coequal,0.791333,0.728,0.856,0.054835,,,,,,
maneuverability,12|135,12.0,135.0,False,greedy,classical_reference_baseline,0.958,0.943716,0.968779,,,,,,,
maneuverability,12|135,12.0,135.0,False,lead,strong_predictive_analytical_nominal_controller,0.967,0.954019,0.976407,,,,,,,
maneuverability,12|135,12.0,135.0,False,lr_ppo,proposed_hybrid_method,0.968667,0.956667,0.979333,0.00419,0.1667,-0.7,1.0,14.1,10.5667,18.3333
maneuverability,12|135,12.0,135.0,False,pn,classical_guidance_baseline,0.93,0.912485,0.944224,,,,,,,
maneuverability,12|135,12.0,135.0,False,ppo,pure_end_to_end_learning_baseline,0.827667,0.786,0.863008,0.031095,,,,,,
maneuverability,12|135,12.0,135.0,False,ppo_kalman,estimator_ablation_diagnostic_not_coequal,0.787667,0.719,0.852,0.057203,,,,,,
measurement_noise,0.05,0.05,,False,greedy,classical_reference_baseline,0.806,0.780339,0.829319,,,,,,,
measurement_noise,0.05,0.05,,False,lead,strong_predictive_analytical_nominal_controller,0.902,0.882005,0.918918,,,,,,,
measurement_noise,0.05,0.05,,False,lr_ppo,proposed_hybrid_method,0.912,0.895333,0.927667,0.004546,1.0,-0.7,2.7667,6.0,3.7,8.3667
measurement_noise,0.05,0.05,,False,pn,classical_guidance_baseline,0.823,0.798121,0.845407,,,,,,,
measurement_noise,0.05,0.05,,False,ppo,pure_end_to_end_learning_baseline,0.852,0.830667,0.873,0.009798,,,,,,
measurement_noise,0.05,0.05,,False,ppo_kalman,estimator_ablation_diagnostic_not_coequal,0.773333,0.709992,0.838,0.054756,,,,,,
measurement_noise,0.25,0.25,,False,greedy,classical_reference_baseline,0.799,0.773039,0.822673,,,,,,,
measurement_noise,0.25,0.25,,False,lead,strong_predictive_analytical_nominal_controller,0.877,0.855189,0.895926,,,,,,,
measurement_noise,0.25,0.25,,False,lr_ppo,proposed_hybrid_method,0.899667,0.879,0.919333,0.010625,2.2667,0.0,4.4667,3.1,0.4667,5.6333
measurement_noise,0.25,0.25,,False,pn,classical_guidance_baseline,0.794,0.767831,0.817919,,,,,,,
measurement_noise,0.25,0.25,,False,ppo,pure_end_to_end_learning_baseline,0.868667,0.846667,0.889,0.010656,,,,,,
measurement_noise,0.25,0.25,,False,ppo_kalman,estimator_ablation_diagnostic_not_coequal,0.822333,0.784333,0.861333,0.030126,,,,,,
measurement_noise,0.5,0.5,,True,greedy,classical_reference_baseline,0.783,0.756395,0.807439,,,,,,,
measurement_noise,0.5,0.5,,True,lead,strong_predictive_analytical_nominal_controller,0.863,0.840295,0.882927,,,,,,,
measurement_noise,0.5,0.5,,True,lr_ppo,proposed_hybrid_method,0.891333,0.873667,0.908,0.004028,2.8333,0.7667,4.9667,1.4,-1.9,5.2667
measurement_noise,0.5,0.5,,True,pn,classical_guidance_baseline,0.771,0.743949,0.795977,,,,,,,
measurement_noise,0.5,0.5,,True,ppo,pure_end_to_end_learning_baseline,0.877333,0.84,0.908,0.027133,,,,,,
measurement_noise,0.5,0.5,,True,ppo_kalman,estimator_ablation_diagnostic_not_coequal,0.837333,0.792658,0.875,0.033954,,,,,,
measurement_noise,1,1.0,,False,greedy,classical_reference_baseline,0.767,0.739807,0.792149,,,,,,,
measurement_noise,1,1.0,,False,lead,strong_predictive_analytical_nominal_controller,0.838,0.813877,0.859536,,,,,,,
measurement_noise,1,1.0,,False,lr_ppo,proposed_hybrid_method,0.884667,0.866667,0.902,0.00411,4.6667,2.3667,6.9333,1.3333,-2.9333,6.7
measurement_noise,1,1.0,,False,pn,classical_guidance_baseline,0.76,0.732567,0.785443,,,,,,,
measurement_noise,1,1.0,,False,ppo,pure_end_to_end_learning_baseline,0.871333,0.820975,0.912,0.040003,,,,,,
measurement_noise,1,1.0,,False,ppo_kalman,estimator_ablation_diagnostic_not_coequal,0.84,0.788,0.887,0.042024,,,,,,
measurement_noise,2,2.0,,False,greedy,classical_reference_baseline,0.757,0.729467,0.782567,,,,,,,
measurement_noise,2,2.0,,False,lead,strong_predictive_analytical_nominal_controller,0.786,0.759511,0.8103,,,,,,,
measurement_noise,2,2.0,,False,lr_ppo,proposed_hybrid_method,0.857,0.835,0.878,0.009899,7.1,4.3,9.8333,0.6333,-4.4008,6.8333
measurement_noise,2,2.0,,False,pn,classical_guidance_baseline,0.683,0.653507,0.711093,,,,,,,
measurement_noise,2,2.0,,False,ppo,pure_end_to_end_learning_baseline,0.850667,0.79065,0.896,0.046578,,,,,,
measurement_noise,2,2.0,,False,ppo_kalman,estimator_ablation_diagnostic_not_coequal,0.820333,0.765,0.877,0.047766,,,,,,
measurement_noise,4,4.0,,False,greedy,classical_reference_baseline,0.736,0.707814,0.76238,,,,,,,
measurement_noise,4,4.0,,False,lead,strong_predictive_analytical_nominal_controller,0.718,0.689318,0.745014,,,,,,,
measurement_noise,4,4.0,,False,lr_ppo,proposed_hybrid_method,0.799,0.759,0.835333,0.0292,8.1,3.7,12.3,-2.2,-7.3333,2.9667
measurement_noise,4,4.0,,False,pn,classical_guidance_baseline,0.641,0.61078,0.67014,,,,,,,
measurement_noise,4,4.0,,False,ppo,pure_end_to_end_learning_baseline,0.821,0.782,0.855,0.027604,,,,,,
measurement_noise,4,4.0,,False,ppo_kalman,estimator_ablation_diagnostic_not_coequal,0.794,0.753667,0.83,0.029811,,,,,,
mobility,12|12,12.0,12.0,False,greedy,classical_reference_baseline,0.808,0.782428,0.831215,,,,,,,
mobility,12|12,12.0,12.0,False,lead,strong_predictive_analytical_nominal_controller,0.697,0.667808,0.724685,,,,,,,
mobility,12|12,12.0,12.0,False,lr_ppo,proposed_hybrid_method,0.814,0.743,0.889017,0.063598,11.7,4.0658,19.3333,-4.6667,-12.2333,3.1333
mobility,12|12,12.0,12.0,False,pn,classical_guidance_baseline,0.67,0.640254,0.698444,,,,,,,
mobility,12|12,12.0,12.0,False,ppo,pure_end_to_end_learning_baseline,0.860667,0.831667,0.886667,0.018856,,,,,,
mobility,12|12,12.0,12.0,False,ppo_kalman,estimator_ablation_diagnostic_not_coequal,0.8,0.706,0.890025,0.080216,,,,,,
mobility,15|12,15.0,12.0,False,greedy,classical_reference_baseline,0.902,0.882005,0.918918,,,,,,,
mobility,15|12,15.0,12.0,False,lead,strong_predictive_analytical_nominal_controller,0.909,0.889574,0.925295,,,,,,,
mobility,15|12,15.0,12.0,False,lr_ppo,proposed_hybrid_method,0.931333,0.913,0.947667,0.009428,2.2333,0.1667,4.1675,7.8,5.1,10.6
mobility,15|12,15.0,12.0,False,pn,classical_guidance_baseline,0.819,0.79393,0.841628,,,,,,,
mobility,15|12,15.0,12.0,False,ppo,pure_end_to_end_learning_baseline,0.853333,0.827,0.877,0.015797,,,,,,
mobility,15|12,15.0,12.0,False,ppo_kalman,estimator_ablation_diagnostic_not_coequal,0.824333,0.75565,0.884,0.055434,,,,,,
mobility,18|8,18.0,8.0,False,greedy,classical_reference_baseline,0.555,0.524046,0.585533,,,,,,,
mobility,18|8,18.0,8.0,False,lead,strong_predictive_analytical_nominal_controller,0.488,0.457124,0.518967,,,,,,,
mobility,18|8,18.0,8.0,False,lr_ppo,proposed_hybrid_method,0.571667,0.541,0.601008,0.01396,8.3667,4.7667,11.9,17.7,13.7333,21.6333
mobility,18|8,18.0,8.0,False,pn,classical_guidance_baseline,0.368,0.338668,0.398342,,,,,,,
mobility,18|8,18.0,8.0,False,ppo,pure_end_to_end_learning_baseline,0.394667,0.366,0.423,0.013573,,,,,,
mobility,18|8,18.0,8.0,False,ppo_kalman,estimator_ablation_diagnostic_not_coequal,0.502667,0.381325,0.661,0.121834,,,,,,
mobility,18|10,18.0,10.0,False,greedy,classical_reference_baseline,0.688,0.658611,0.71595,,,,,,,
mobility,18|10,18.0,10.0,False,lead,strong_predictive_analytical_nominal_controller,0.715,0.68624,0.742114,,,,,,,
mobility,18|10,18.0,10.0,False,lr_ppo,proposed_hybrid_method,0.780333,0.755667,0.804667,0.009393,6.5333,3.5667,9.5333,8.8,5.4333,12.2342
mobility,18|10,18.0,10.0,False,pn,classical_guidance_baseline,0.583,0.552179,0.613185,,,,,,,
mobility,18|10,18.0,10.0,False,ppo,pure_end_to_end_learning_baseline,0.692333,0.662,0.722,0.01666,,,,,,
mobility,18|10,18.0,10.0,False,ppo_kalman,estimator_ablation_diagnostic_not_coequal,0.734,0.694333,0.778667,0.03269,,,,,,
mobility,18|12,18.0,12.0,True,greedy,classical_reference_baseline,0.775,0.748094,0.799801,,,,,,,
mobility,18|12,18.0,12.0,True,lead,strong_predictive_analytical_nominal_controller,0.874,0.85199,0.893147,,,,,,,
mobility,18|12,18.0,12.0,True,lr_ppo,proposed_hybrid_method,0.896667,0.878,0.914333,0.0066,2.2667,0.1667,4.4,2.3333,-1.0008,6.2333
mobility,18|12,18.0,12.0,True,pn,classical_guidance_baseline,0.761,0.7336,0.786402,,,,,,,
mobility,18|12,18.0,12.0,True,ppo,pure_end_to_end_learning_baseline,0.873333,0.835667,0.905667,0.02762,,,,,,
mobility,18|12,18.0,12.0,True,ppo_kalman,estimator_ablation_diagnostic_not_coequal,0.829333,0.784,0.866,0.03351,,,,,,
mobility,18|14,18.0,14.0,False,greedy,classical_reference_baseline,0.926,0.908095,0.940645,,,,,,,
mobility,18|14,18.0,14.0,False,lead,strong_predictive_analytical_nominal_controller,0.93,0.912485,0.944224,,,,,,,
mobility,18|14,18.0,14.0,False,lr_ppo,proposed_hybrid_method,0.943,0.924,0.960667,0.01186,1.3,-0.7,3.1667,9.3,7.0333,11.5667
mobility,18|14,18.0,14.0,False,pn,classical_guidance_baseline,0.845,0.821253,0.866106,,,,,,,
mobility,18|14,18.0,14.0,False,ppo,pure_end_to_end_learning_baseline,0.85,0.831333,0.867667,0.003559,,,,,,
mobility,18|14,18.0,14.0,False,ppo_kalman,estimator_ablation_diagnostic_not_coequal,0.836667,0.758,0.893,0.059668,,,,,,
mobility,18|16,18.0,16.0,False,greedy,classical_reference_baseline,0.934,0.916891,0.947788,,,,,,,
mobility,18|16,18.0,16.0,False,lead,strong_predictive_analytical_nominal_controller,0.932,0.914686,0.946008,,,,,,,
mobility,18|16,18.0,16.0,False,lr_ppo,proposed_hybrid_method,0.943333,0.928667,0.957,0.003859,1.1333,0.0,2.3,7.4333,3.9667,11.6333
mobility,18|16,18.0,16.0,False,pn,classical_guidance_baseline,0.885,0.863737,0.903317,,,,,,,
mobility,18|16,18.0,16.0,False,ppo,pure_end_to_end_learning_baseline,0.869,0.828,0.903333,0.030408,,,,,,
mobility,18|16,18.0,16.0,False,ppo_kalman,estimator_ablation_diagnostic_not_coequal,0.795667,0.715325,0.899,0.079382,,,,,,
mobility,21|12,21.0,12.0,False,greedy,classical_reference_baseline,0.744,0.716053,0.77008,,,,,,,
mobility,21|12,21.0,12.0,False,lead,strong_predictive_analytical_nominal_controller,0.826,0.801267,0.848238,,,,,,,
mobility,21|12,21.0,12.0,False,lr_ppo,proposed_hybrid_method,0.862,0.838333,0.884333,0.012832,3.6,0.8333,6.4,3.0,-1.2,7.7
mobility,21|12,21.0,12.0,False,pn,classical_guidance_baseline,0.741,0.712962,0.767194,,,,,,,
mobility,21|12,21.0,12.0,False,ppo,pure_end_to_end_learning_baseline,0.832,0.789,0.869667,0.032383,,,,,,
mobility,21|12,21.0,12.0,False,ppo_kalman,estimator_ablation_diagnostic_not_coequal,0.844667,0.813667,0.873333,0.021045,,,,,,
mobility,24|12,24.0,12.0,False,greedy,classical_reference_baseline,0.746,0.718114,0.772003,,,,,,,
mobility,24|12,24.0,12.0,False,lead,strong_predictive_analytical_nominal_controller,0.848,0.824419,0.868917,,,,,,,
mobility,24|12,24.0,12.0,False,lr_ppo,proposed_hybrid_method,0.838333,0.817,0.858333,0.0066,-0.9667,-3.5342,1.6,3.9667,1.1658,6.8333
mobility,24|12,24.0,12.0,False,pn,classical_guidance_baseline,0.718,0.689318,0.745014,,,,,,,
mobility,24|12,24.0,12.0,False,ppo,pure_end_to_end_learning_baseline,0.798667,0.773,0.824,0.013719,,,,,,
mobility,24|12,24.0,12.0,False,ppo_kalman,estimator_ablation_diagnostic_not_coequal,0.801,0.773333,0.829,0.01633,,,,,,
